purchase_id,customer_id,product_id,quantity,purchase_date,store
T0001,C012,P030,1,2023-01-01 00:00:00,Store A
T0002,C094,P033,1,2023-01-01 04:00:00,Store B
T0003,C086,P036,1,2023-01-01 08:00:00,Store A
T0004,C070,P018,4,2023-01-01 12:00:00,Store B
T0005,C025,P037,1,2023-01-01 16:00:00,Store C
T0006,C072,P019,1,2023-01-01 20:00:00,Store C
T0007,C070,P047,1,2023-01-02 00:00:00,Store A
T0008,C038,P028,1,2023-01-02 04:00:00,Store A
T0009,C067,P040,4,2023-01-02 08:00:00,Store B
T0010,C064,P020,1,2023-01-02 12:00:00,Store B
T0011,C080,P049,1,2023-01-02 16:00:00,Store C
T0012,C082,P033,3,2023-01-02 20:00:00,Store B
T0013,C013,P012,1,2023-01-03 00:00:00,Store A
T0014,C062,P015,1,2023-01-03 04:00:00,Store A
T0015,C081,P041,1,2023-01-03 08:00:00,Store A
T0016,C073,P039,2,2023-01-03 12:00:00,Store A
T0017,C094,P002,5,2023-01-03 16:00:00,Store A
T0018,C083,P029,3,2023-01-03 20:00:00,Store C
T0019,C036,P041,1,2023-01-04 00:00:00,Store C
T0020,C019,P010,3,2023-01-04 04:00:00,Store A
T0021,C082,P002,1,2023-01-04 08:00:00,Store B
T0022,C008,P011,1,2023-01-04 12:00:00,Store A
T0023,C078,P013,1,2023-01-04 16:00:00,Store C
T0024,C098,P010,1,2023-01-04 20:00:00,Store A
T0025,C078,P014,2,2023-01-05 00:00:00,Store C
T0026,C063,P018,2,2023-01-05 04:00:00,Store C
T0027,C082,P009,4,2023-01-05 08:00:00,Store A
T0028,C069,P039,2,2023-01-05 12:00:00,Store A
T0029,C076,P028,2,2023-01-05 16:00:00,Store B
T0030,C098,P003,1,2023-01-05 20:00:00,Store C
T0031,C063,P020,1,2023-01-06 00:00:00,Store B
T0032,C099,P006,2,2023-01-06 04:00:00,Store A
T0033,C096,P027,1,2023-01-06 08:00:00,Store C
T0034,C041,P002,3,2023-01-06 12:00:00,Store B
T0035,C019,P029,1,2023-01-06 16:00:00,Store B
T0036,C026,P038,1,2023-01-06 20:00:00,Store B
T0037,C006,P003,1,2023-01-07 00:00:00,Store A
T0038,C024,P016,1,2023-01-07 04:00:00,Store A
T0039,C085,P030,1,2023-01-07 08:00:00,Store A
T0040,C019,P040,2,2023-01-07 12:00:00,Store C
T0041,C056,P002,1,2023-01-07 16:00:00,Store A
T0042,C093,P017,2,2023-01-07 20:00:00,Store C
T0043,C008,P041,1,2023-01-08 00:00:00,Store B
T0044,C092,P012,1,2023-01-08 04:00:00,Store B
T0045,C052,P035,1,2023-01-08 08:00:00,Store A
T0046,C029,P043,3,2023-01-08 12:00:00,Store B
T0047,C085,P001,1,2023-01-08 16:00:00,Store A
T0048,C081,P045,3,2023-01-08 20:00:00,Store C
T0049,C095,P015,1,2023-01-09 00:00:00,Store B
T0050,C088,P026,3,2023-01-09 04:00:00,Store A
T0051,C091,P037,1,2023-01-09 08:00:00,Store B
T0052,C052,P021,2,2023-01-09 12:00:00,Store B
T0053,C039,P049,2,2023-01-09 16:00:00,Store A
T0054,C088,P031,4,2023-01-09 20:00:00,Store B
T0055,C091,P025,1,2023-01-10 00:00:00,Store B
T0056,C100,P023,1,2023-01-10 04:00:00,Store B
T0057,C065,P024,1,2023-01-10 08:00:00,Store B
T0058,C062,P038,3,2023-01-10 12:00:00,Store C
T0059,C090,P028,2,2023-01-10 16:00:00,Store B
T0060,C059,P021,3,2023-01-10 20:00:00,Store B
T0061,C097,P043,1,2023-01-11 00:00:00,Store A
T0062,C094,P018,1,2023-01-11 04:00:00,Store C
T0063,C067,P036,1,2023-01-11 08:00:00,Store A
T0064,C088,P035,4,2023-01-11 12:00:00,Store A
T0065,C089,P045,2,2023-01-11 16:00:00,Store A
T0066,C026,P009,4,2023-01-11 20:00:00,Store C
T0067,C096,P038,1,2023-01-12 00:00:00,Store A
T0068,C073,P030,2,2023-01-12 04:00:00,Store A
T0069,C092,P044,2,2023-01-12 08:00:00,Store A
T0070,C056,P034,1,2023-01-12 12:00:00,Store B
T0071,C096,P032,3,2023-01-12 16:00:00,Store A
T0072,C063,P003,4,2023-01-12 20:00:00,Store C
T0073,C004,P003,3,2023-01-13 00:00:00,Store C
T0074,C096,P028,2,2023-01-13 04:00:00,Store B
T0075,C024,P044,1,2023-01-13 08:00:00,Store C
T0076,C056,P015,1,2023-01-13 12:00:00,Store C
T0077,C098,P041,4,2023-01-13 16:00:00,Store B
T0078,C098,P023,1,2023-01-13 20:00:00,Store A
T0079,C078,P040,2,2023-01-14 00:00:00,Store B
T0080,C081,P011,2,2023-01-14 04:00:00,Store A
T0081,C068,P048,2,2023-01-14 08:00:00,Store A
T0082,C054,P032,5,2023-01-14 12:00:00,Store C
T0083,C057,P036,1,2023-01-14 16:00:00,Store B
T0084,C084,P033,1,2023-01-14 20:00:00,Store C
T0085,C089,P024,1,2023-01-15 00:00:00,Store C
T0086,C091,P039,1,2023-01-15 04:00:00,Store A
T0087,C091,P034,1,2023-01-15 08:00:00,Store C
T0088,C024,P028,1,2023-01-15 12:00:00,Store B
T0089,C072,P037,3,2023-01-15 16:00:00,Store C
T0090,C016,P007,4,2023-01-15 20:00:00,Store C
T0091,C076,P004,1,2023-01-16 00:00:00,Store A
T0092,C068,P037,1,2023-01-16 04:00:00,Store B
T0093,C095,P001,4,2023-01-16 08:00:00,Store C
T0094,C060,P001,1,2023-01-16 12:00:00,Store A
T0095,C029,P047,1,2023-01-16 16:00:00,Store C
T0096,C033,P020,1,2023-01-16 20:00:00,Store B
T0097,C089,P019,2,2023-01-17 00:00:00,Store C
T0098,C081,P029,1,2023-01-17 04:00:00,Store C
T0099,C026,P010,4,2023-01-17 08:00:00,Store A
T0100,C022,P018,1,2023-01-17 12:00:00,Store C
T0101,C086,P028,2,2023-01-17 16:00:00,Store A
T0102,C020,P035,1,2023-01-17 20:00:00,Store B
T0103,C092,P043,1,2023-01-18 00:00:00,Store C
T0104,C086,P047,2,2023-01-18 04:00:00,Store B
T0105,C022,P031,3,2023-01-18 08:00:00,Store B
T0106,C022,P027,3,2023-01-18 12:00:00,Store C
T0107,C100,P011,2,2023-01-18 16:00:00,Store A
T0108,C062,P049,4,2023-01-18 20:00:00,Store B
T0109,C061,P049,3,2023-01-19 00:00:00,Store B
T0110,C092,P038,3,2023-01-19 04:00:00,Store C
T0111,C098,P005,1,2023-01-19 08:00:00,Store C
T0112,C100,P008,1,2023-01-19 12:00:00,Store C
T0113,C089,P034,1,2023-01-19 16:00:00,Store C
T0114,C062,P048,2,2023-01-19 20:00:00,Store C
T0115,C022,P012,1,2023-01-20 00:00:00,Store C
T0116,C090,P038,1,2023-01-20 04:00:00,Store A
T0117,C077,P001,3,2023-01-20 08:00:00,Store B
T0118,C066,P031,3,2023-01-20 12:00:00,Store A
T0119,C096,P004,4,2023-01-20 16:00:00,Store A
T0120,C028,P049,1,2023-01-20 20:00:00,Store C
T0121,C072,P045,2,2023-01-21 00:00:00,Store B
T0122,C004,P050,1,2023-01-21 04:00:00,Store A
T0123,C070,P005,1,2023-01-21 08:00:00,Store C
T0124,C016,P030,1,2023-01-21 12:00:00,Store C
T0125,C029,P024,1,2023-01-21 16:00:00,Store B
T0126,C029,P003,1,2023-01-21 20:00:00,Store A
T0127,C083,P011,3,2023-01-22 00:00:00,Store A
T0128,C088,P045,1,2023-01-22 04:00:00,Store A
T0129,C078,P004,2,2023-01-22 08:00:00,Store C
T0130,C099,P026,2,2023-01-22 12:00:00,Store B
T0131,C062,P027,1,2023-01-22 16:00:00,Store B
T0132,C053,P046,1,2023-01-22 20:00:00,Store A
T0133,C095,P043,1,2023-01-23 00:00:00,Store C
T0134,C045,P027,2,2023-01-23 04:00:00,Store A
T0135,C099,P042,1,2023-01-23 08:00:00,Store B
T0136,C004,P050,1,2023-01-23 12:00:00,Store C
T0137,C099,P006,1,2023-01-23 16:00:00,Store A
T0138,C013,P015,2,2023-01-23 20:00:00,Store A
T0139,C096,P030,4,2023-01-24 00:00:00,Store C
T0140,C074,P042,1,2023-01-24 04:00:00,Store B
T0141,C100,P037,2,2023-01-24 08:00:00,Store C
T0142,C020,P037,2,2023-01-24 12:00:00,Store A
T0143,C076,P042,4,2023-01-24 16:00:00,Store A
T0144,C099,P037,3,2023-01-24 20:00:00,Store A
T0145,C074,P035,2,2023-01-25 00:00:00,Store A
T0146,C081,P023,2,2023-01-25 04:00:00,Store B
T0147,C085,P006,3,2023-01-25 08:00:00,Store B
T0148,C069,P004,1,2023-01-25 12:00:00,Store A
T0149,C081,P018,1,2023-01-25 16:00:00,Store B
T0150,C078,P009,1,2023-01-25 20:00:00,Store B
T0151,C096,P049,3,2023-01-26 00:00:00,Store B
T0152,C013,P029,3,2023-01-26 04:00:00,Store A
T0153,C052,P013,1,2023-01-26 08:00:00,Store C
T0154,C098,P047,2,2023-01-26 12:00:00,Store C
T0155,C096,P017,1,2023-01-26 16:00:00,Store C
T0156,C069,P045,1,2023-01-26 20:00:00,Store A
T0157,C081,P032,5,2023-01-27 00:00:00,Store B
T0158,C052,P048,1,2023-01-27 04:00:00,Store B
T0159,C040,P022,1,2023-01-27 08:00:00,Store A
T0160,C070,P004,2,2023-01-27 12:00:00,Store A
T0161,C060,P005,2,2023-01-27 16:00:00,Store C
T0162,C078,P037,1,2023-01-27 20:00:00,Store C
T0163,C021,P041,2,2023-01-28 00:00:00,Store A
T0164,C099,P049,2,2023-01-28 04:00:00,Store C
T0165,C100,P013,1,2023-01-28 08:00:00,Store B
T0166,C085,P034,1,2023-01-28 12:00:00,Store A
T0167,C075,P045,2,2023-01-28 16:00:00,Store A
T0168,C055,P022,1,2023-01-28 20:00:00,Store B
T0169,C092,P023,4,2023-01-29 00:00:00,Store B
T0170,C085,P003,3,2023-01-29 04:00:00,Store B
T0171,C036,P042,5,2023-01-29 08:00:00,Store C
T0172,C097,P034,1,2023-01-29 12:00:00,Store A
T0173,C092,P032,4,2023-01-29 16:00:00,Store C
T0174,C098,P045,1,2023-01-29 20:00:00,Store B
T0175,C087,P049,1,2023-01-30 00:00:00,Store C
T0176,C080,P021,1,2023-01-30 04:00:00,Store B
T0177,C066,P046,1,2023-01-30 08:00:00,Store C
T0178,C098,P044,2,2023-01-30 12:00:00,Store C
T0179,C094,P021,1,2023-01-30 16:00:00,Store B
T0180,C013,P044,1,2023-01-30 20:00:00,Store C
T0181,C008,P011,2,2023-01-31 00:00:00,Store A
T0182,C062,P039,1,2023-01-31 04:00:00,Store C
T0183,C092,P004,2,2023-01-31 08:00:00,Store C
T0184,C100,P001,1,2023-01-31 12:00:00,Store A
T0185,C034,P028,3,2023-01-31 16:00:00,Store B
T0186,C079,P024,3,2023-01-31 20:00:00,Store A
T0187,C062,P035,1,2023-02-01 00:00:00,Store C
T0188,C099,P013,1,2023-02-01 04:00:00,Store B
T0189,C093,P047,1,2023-02-01 08:00:00,Store C
T0190,C093,P034,3,2023-02-01 12:00:00,Store C
T0191,C070,P011,1,2023-02-01 16:00:00,Store A
T0192,C065,P036,1,2023-02-01 20:00:00,Store A
T0193,C051,P017,1,2023-02-02 00:00:00,Store B
T0194,C016,P035,1,2023-02-02 04:00:00,Store B
T0195,C094,P018,1,2023-02-02 08:00:00,Store B
T0196,C092,P040,3,2023-02-02 12:00:00,Store C
T0197,C100,P022,1,2023-02-02 16:00:00,Store A
T0198,C100,P024,1,2023-02-02 20:00:00,Store A
T0199,C076,P019,3,2023-02-03 00:00:00,Store A
T0200,C089,P037,3,2023-02-03 04:00:00,Store B
T0201,C098,P039,1,2023-02-03 08:00:00,Store A
T0202,C094,P021,1,2023-02-03 12:00:00,Store A
T0203,C048,P008,1,2023-02-03 16:00:00,Store A
T0204,C068,P028,4,2023-02-03 20:00:00,Store B
T0205,C031,P005,1,2023-02-04 00:00:00,Store A
T0206,C098,P017,4,2023-02-04 04:00:00,Store B
T0207,C080,P037,2,2023-02-04 08:00:00,Store A
T0208,C046,P036,2,2023-02-04 12:00:00,Store A
T0209,C084,P019,1,2023-02-04 16:00:00,Store A
T0210,C081,P027,1,2023-02-04 20:00:00,Store B
T0211,C060,P034,1,2023-02-05 00:00:00,Store B
T0212,C028,P011,1,2023-02-05 04:00:00,Store A
T0213,C084,P045,2,2023-02-05 08:00:00,Store C
T0214,C074,P047,5,2023-02-05 12:00:00,Store B
T0215,C090,P012,2,2023-02-05 16:00:00,Store B
T0216,C074,P021,2,2023-02-05 20:00:00,Store A
T0217,C094,P011,1,2023-02-06 00:00:00,Store C
T0218,C076,P039,1,2023-02-06 04:00:00,Store A
T0219,C077,P028,1,2023-02-06 08:00:00,Store B
T0220,C095,P005,2,2023-02-06 12:00:00,Store B
T0221,C064,P017,4,2023-02-06 16:00:00,Store A
T0222,C032,P020,2,2023-02-06 20:00:00,Store A
T0223,C009,P041,1,2023-02-07 00:00:00,Store C
T0224,C089,P046,1,2023-02-07 04:00:00,Store C
T0225,C081,P012,2,2023-02-07 08:00:00,Store B
T0226,C086,P006,1,2023-02-07 12:00:00,Store C
T0227,C044,P017,3,2023-02-07 16:00:00,Store C
T0228,C032,P019,3,2023-02-07 20:00:00,Store B
T0229,C005,P026,2,2023-02-08 00:00:00,Store B
T0230,C059,P048,1,2023-02-08 04:00:00,Store B
T0231,C079,P044,1,2023-02-08 08:00:00,Store B
T0232,C063,P044,1,2023-02-08 12:00:00,Store A
T0233,C067,P032,1,2023-02-08 16:00:00,Store B
T0234,C096,P006,1,2023-02-08 20:00:00,Store B
T0235,C059,P036,2,2023-02-09 00:00:00,Store B
T0236,C073,P038,2,2023-02-09 04:00:00,Store C
T0237,C090,P011,1,2023-02-09 08:00:00,Store B
T0238,C064,P033,1,2023-02-09 12:00:00,Store A
T0239,C081,P024,1,2023-02-09 16:00:00,Store A
T0240,C094,P023,1,2023-02-09 20:00:00,Store B
T0241,C098,P015,3,2023-02-10 00:00:00,Store A
T0242,C034,P027,1,2023-02-10 04:00:00,Store C
T0243,C097,P011,1,2023-02-10 08:00:00,Store B
T0244,C072,P050,1,2023-02-10 12:00:00,Store A
T0245,C049,P017,3,2023-02-10 16:00:00,Store A
T0246,C069,P014,2,2023-02-10 20:00:00,Store B
T0247,C100,P027,1,2023-02-11 00:00:00,Store A
T0248,C072,P018,2,2023-02-11 04:00:00,Store B
T0249,C057,P028,2,2023-02-11 08:00:00,Store A
T0250,C082,P047,4,2023-02-11 12:00:00,Store C
T0251,C047,P047,1,2023-02-11 16:00:00,Store A
T0252,C020,P004,3,2023-02-11 20:00:00,Store A
T0253,C031,P007,4,2023-02-12 00:00:00,Store B
T0254,C031,P045,4,2023-02-12 04:00:00,Store A
T0255,C035,P035,2,2023-02-12 08:00:00,Store B
T0256,C032,P048,2,2023-02-12 12:00:00,Store C
T0257,C082,P009,1,2023-02-12 16:00:00,Store B
T0258,C039,P008,3,2023-02-12 20:00:00,Store B
T0259,C059,P045,2,2023-02-13 00:00:00,Store A
T0260,C096,P017,2,2023-02-13 04:00:00,Store C
T0261,C070,P017,1,2023-02-13 08:00:00,Store B
T0262,C084,P049,2,2023-02-13 12:00:00,Store A
T0263,C038,P033,3,2023-02-13 16:00:00,Store A
T0264,C041,P032,1,2023-02-13 20:00:00,Store B
T0265,C012,P008,3,2023-02-14 00:00:00,Store A
T0266,C037,P019,2,2023-02-14 04:00:00,Store B
T0267,C052,P038,3,2023-02-14 08:00:00,Store B
T0268,C039,P003,1,2023-02-14 12:00:00,Store B
T0269,C023,P005,1,2023-02-14 16:00:00,Store C
T0270,C029,P013,4,2023-02-14 20:00:00,Store B
T0271,C069,P047,1,2023-02-15 00:00:00,Store A
T0272,C043,P046,3,2023-02-15 04:00:00,Store C
T0273,C061,P031,1,2023-02-15 08:00:00,Store A
T0274,C073,P016,2,2023-02-15 12:00:00,Store C
T0275,C085,P050,1,2023-02-15 16:00:00,Store C
T0276,C012,P032,2,2023-02-15 20:00:00,Store C
T0277,C091,P022,1,2023-02-16 00:00:00,Store C
T0278,C081,P029,1,2023-02-16 04:00:00,Store A
T0279,C022,P022,1,2023-02-16 08:00:00,Store B
T0280,C095,P043,1,2023-02-16 12:00:00,Store A
T0281,C097,P003,5,2023-02-16 16:00:00,Store B
T0282,C017,P010,4,2023-02-16 20:00:00,Store A
T0283,C052,P042,1,2023-02-17 00:00:00,Store C
T0284,C091,P021,2,2023-02-17 04:00:00,Store C
T0285,C088,P016,1,2023-02-17 08:00:00,Store B
T0286,C040,P012,2,2023-02-17 12:00:00,Store B
T0287,C043,P002,3,2023-02-17 16:00:00,Store A
T0288,C061,P041,4,2023-02-17 20:00:00,Store B
T0289,C071,P024,1,2023-02-18 00:00:00,Store A
T0290,C081,P035,3,2023-02-18 04:00:00,Store B
T0291,C061,P030,1,2023-02-18 08:00:00,Store B
T0292,C069,P030,5,2023-02-18 12:00:00,Store B
T0293,C088,P047,1,2023-02-18 16:00:00,Store C
T0294,C011,P035,2,2023-02-18 20:00:00,Store C
T0295,C049,P019,2,2023-02-19 00:00:00,Store A
T0296,C086,P050,2,2023-02-19 04:00:00,Store B
T0297,C096,P008,1,2023-02-19 08:00:00,Store A
T0298,C073,P026,4,2023-02-19 12:00:00,Store B
T0299,C075,P049,1,2023-02-19 16:00:00,Store C
T0300,C027,P040,2,2023-02-19 20:00:00,Store C
T0301,C068,P007,1,2023-02-20 00:00:00,Store B
T0302,C075,P030,1,2023-02-20 04:00:00,Store B
T0303,C048,P007,2,2023-02-20 08:00:00,Store C
T0304,C051,P003,1,2023-02-20 12:00:00,Store C
T0305,C062,P001,1,2023-02-20 16:00:00,Store A
T0306,C007,P036,1,2023-02-20 20:00:00,Store C
T0307,C057,P025,1,2023-02-21 00:00:00,Store B
T0308,C043,P037,3,2023-02-21 04:00:00,Store A
T0309,C057,P001,3,2023-02-21 08:00:00,Store B
T0310,C029,P015,1,2023-02-21 12:00:00,Store A
T0311,C096,P037,1,2023-02-21 16:00:00,Store B
T0312,C079,P013,1,2023-02-21 20:00:00,Store C
T0313,C084,P040,1,2023-02-22 00:00:00,Store B
T0314,C091,P008,2,2023-02-22 04:00:00,Store A
T0315,C072,P005,2,2023-02-22 08:00:00,Store B
T0316,C023,P009,1,2023-02-22 12:00:00,Store A
T0317,C075,P001,1,2023-02-22 16:00:00,Store B
T0318,C079,P036,1,2023-02-22 20:00:00,Store C
T0319,C088,P035,3,2023-02-23 00:00:00,Store C
T0320,C067,P002,5,2023-02-23 04:00:00,Store B
T0321,C031,P040,1,2023-02-23 08:00:00,Store B
T0322,C052,P023,1,2023-02-23 12:00:00,Store B
T0323,C061,P009,3,2023-02-23 16:00:00,Store A
T0324,C082,P034,4,2023-02-23 20:00:00,Store B
T0325,C077,P046,1,2023-02-24 00:00:00,Store B
T0326,C060,P014,1,2023-02-24 04:00:00,Store A
T0327,C100,P004,1,2023-02-24 08:00:00,Store C
T0328,C080,P030,2,2023-02-24 12:00:00,Store B
T0329,C047,P031,1,2023-02-24 16:00:00,Store B
T0330,C026,P038,1,2023-02-24 20:00:00,Store C
T0331,C035,P011,2,2023-02-25 00:00:00,Store C
T0332,C048,P035,1,2023-02-25 04:00:00,Store A
T0333,C036,P008,3,2023-02-25 08:00:00,Store B
T0334,C040,P003,1,2023-02-25 12:00:00,Store B
T0335,C053,P014,1,2023-02-25 16:00:00,Store A
T0336,C038,P013,2,2023-02-25 20:00:00,Store C
T0337,C096,P045,1,2023-02-26 00:00:00,Store A
T0338,C021,P032,5,2023-02-26 04:00:00,Store C
T0339,C074,P034,2,2023-02-26 08:00:00,Store A
T0340,C065,P045,1,2023-02-26 12:00:00,Store C
T0341,C100,P019,2,2023-02-26 16:00:00,Store A
T0342,C028,P038,1,2023-02-26 20:00:00,Store C
T0343,C064,P016,4,2023-02-27 00:00:00,Store C
T0344,C099,P002,1,2023-02-27 04:00:00,Store C
T0345,C094,P040,2,2023-02-27 08:00:00,Store C
T0346,C092,P017,1,2023-02-27 12:00:00,Store C
T0347,C049,P034,1,2023-02-27 16:00:00,Store B
T0348,C038,P042,3,2023-02-27 20:00:00,Store C
T0349,C084,P016,3,2023-02-28 00:00:00,Store B
T0350,C097,P038,1,2023-02-28 04:00:00,Store C
T0351,C076,P002,1,2023-02-28 08:00:00,Store B
T0352,C078,P002,3,2023-02-28 12:00:00,Store B
T0353,C052,P026,4,2023-02-28 16:00:00,Store A
T0354,C089,P013,1,2023-02-28 20:00:00,Store C
T0355,C040,P047,1,2023-03-01 00:00:00,Store A
T0356,C057,P031,1,2023-03-01 04:00:00,Store A
T0357,C066,P034,3,2023-03-01 08:00:00,Store C
T0358,C073,P039,1,2023-03-01 12:00:00,Store A
T0359,C048,P003,1,2023-03-01 16:00:00,Store C
T0360,C028,P008,3,2023-03-01 20:00:00,Store A
T0361,C080,P023,1,2023-03-02 00:00:00,Store C
T0362,C053,P014,1,2023-03-02 04:00:00,Store C
T0363,C078,P027,1,2023-03-02 08:00:00,Store C
T0364,C035,P029,1,2023-03-02 12:00:00,Store B
T0365,C071,P039,1,2023-03-02 16:00:00,Store A
T0366,C075,P039,2,2023-03-02 20:00:00,Store B
T0367,C015,P001,1,2023-03-03 00:00:00,Store A
T0368,C058,P017,2,2023-03-03 04:00:00,Store A
T0369,C032,P041,3,2023-03-03 08:00:00,Store A
T0370,C018,P030,3,2023-03-03 12:00:00,Store B
T0371,C100,P013,1,2023-03-03 16:00:00,Store A
T0372,C057,P021,1,2023-03-03 20:00:00,Store B
T0373,C092,P019,1,2023-03-04 00:00:00,Store C
T0374,C049,P019,1,2023-03-04 04:00:00,Store A
T0375,C084,P025,1,2023-03-04 08:00:00,Store A
T0376,C089,P022,2,2023-03-04 12:00:00,Store C
T0377,C079,P031,1,2023-03-04 16:00:00,Store C
T0378,C070,P017,1,2023-03-04 20:00:00,Store A
T0379,C065,P023,1,2023-03-05 00:00:00,Store C
T0380,C059,P032,2,2023-03-05 04:00:00,Store B
T0381,C097,P010,1,2023-03-05 08:00:00,Store B
T0382,C093,P010,2,2023-03-05 12:00:00,Store A
T0383,C099,P036,1,2023-03-05 16:00:00,Store B
T0384,C030,P008,3,2023-03-05 20:00:00,Store B
T0385,C087,P020,3,2023-03-06 00:00:00,Store A
T0386,C098,P032,1,2023-03-06 04:00:00,Store C
T0387,C039,P050,1,2023-03-06 08:00:00,Store A
T0388,C018,P014,1,2023-03-06 12:00:00,Store B
T0389,C088,P050,1,2023-03-06 16:00:00,Store A
T0390,C078,P028,2,2023-03-06 20:00:00,Store A
T0391,C093,P046,3,2023-03-07 00:00:00,Store B
T0392,C033,P024,2,2023-03-07 04:00:00,Store B
T0393,C091,P015,3,2023-03-07 08:00:00,Store A
T0394,C042,P022,1,2023-03-07 12:00:00,Store B
T0395,C037,P030,1,2023-03-07 16:00:00,Store B
T0396,C037,P004,2,2023-03-07 20:00:00,Store B
T0397,C092,P013,1,2023-03-08 00:00:00,Store B
T0398,C084,P023,2,2023-03-08 04:00:00,Store B
T0399,C074,P008,1,2023-03-08 08:00:00,Store B
T0400,C060,P018,1,2023-03-08 12:00:00,Store C
T0401,C095,P012,5,2023-03-08 16:00:00,Store A
T0402,C063,P031,1,2023-03-08 20:00:00,Store B
T0403,C092,P014,5,2023-03-09 00:00:00,Store A
T0404,C068,P034,5,2023-03-09 04:00:00,Store C
T0405,C062,P018,3,2023-03-09 08:00:00,Store B
T0406,C069,P034,2,2023-03-09 12:00:00,Store A
T0407,C054,P011,2,2023-03-09 16:00:00,Store B
T0408,C088,P041,3,2023-03-09 20:00:00,Store B
T0409,C073,P012,1,2023-03-10 00:00:00,Store B
T0410,C046,P049,1,2023-03-10 04:00:00,Store B
T0411,C096,P015,2,2023-03-10 08:00:00,Store B
T0412,C063,P031,1,2023-03-10 12:00:00,Store B
T0413,C076,P049,1,2023-03-10 16:00:00,Store B
T0414,C096,P029,1,2023-03-10 20:00:00,Store C
T0415,C081,P026,2,2023-03-11 00:00:00,Store C
T0416,C029,P018,3,2023-03-11 04:00:00,Store B
T0417,C098,P032,1,2023-03-11 08:00:00,Store B
T0418,C081,P022,4,2023-03-11 12:00:00,Store C
T0419,C058,P038,2,2023-03-11 16:00:00,Store C
T0420,C033,P017,3,2023-03-11 20:00:00,Store C
T0421,C091,P023,2,2023-03-12 00:00:00,Store B
T0422,C081,P024,3,2023-03-12 04:00:00,Store A
T0423,C075,P050,1,2023-03-12 08:00:00,Store A
T0424,C096,P008,3,2023-03-12 12:00:00,Store A
T0425,C090,P041,1,2023-03-12 16:00:00,Store A
T0426,C035,P006,3,2023-03-12 20:00:00,Store B
T0427,C056,P005,5,2023-03-13 00:00:00,Store A
T0428,C048,P044,1,2023-03-13 04:00:00,Store C
T0429,C088,P029,1,2023-03-13 08:00:00,Store C
T0430,C010,P028,3,2023-03-13 12:00:00,Store A
T0431,C077,P011,1,2023-03-13 16:00:00,Store C
T0432,C089,P001,3,2023-03-13 20:00:00,Store B
T0433,C095,P043,1,2023-03-14 00:00:00,Store A
T0434,C059,P019,1,2023-03-14 04:00:00,Store A
T0435,C092,P009,5,2023-03-14 08:00:00,Store B
T0436,C027,P027,2,2023-03-14 12:00:00,Store C
T0437,C093,P034,3,2023-03-14 16:00:00,Store B
T0438,C031,P044,1,2023-03-14 20:00:00,Store B
T0439,C064,P004,2,2023-03-15 00:00:00,Store C
T0440,C091,P036,2,2023-03-15 04:00:00,Store B
T0441,C034,P018,2,2023-03-15 08:00:00,Store C
T0442,C046,P015,2,2023-03-15 12:00:00,Store C
T0443,C087,P013,2,2023-03-15 16:00:00,Store B
T0444,C087,P019,1,2023-03-15 20:00:00,Store C
T0445,C082,P049,1,2023-03-16 00:00:00,Store B
T0446,C085,P006,3,2023-03-16 04:00:00,Store C
T0447,C075,P048,1,2023-03-16 08:00:00,Store A
T0448,C049,P012,2,2023-03-16 12:00:00,Store C
T0449,C059,P037,1,2023-03-16 16:00:00,Store C
T0450,C039,P017,2,2023-03-16 20:00:00,Store B
T0451,C096,P023,2,2023-03-17 00:00:00,Store C
T0452,C078,P026,1,2023-03-17 04:00:00,Store A
T0453,C064,P029,1,2023-03-17 08:00:00,Store A
T0454,C069,P033,1,2023-03-17 12:00:00,Store C
T0455,C098,P027,2,2023-03-17 16:00:00,Store C
T0456,C035,P025,3,2023-03-17 20:00:00,Store A
T0457,C078,P010,1,2023-03-18 00:00:00,Store B
T0458,C073,P047,2,2023-03-18 04:00:00,Store A
T0459,C080,P023,1,2023-03-18 08:00:00,Store A
T0460,C006,P021,1,2023-03-18 12:00:00,Store C
T0461,C095,P021,4,2023-03-18 16:00:00,Store C
T0462,C097,P043,1,2023-03-18 20:00:00,Store A
T0463,C077,P013,1,2023-03-19 00:00:00,Store B
T0464,C085,P037,1,2023-03-19 04:00:00,Store A
T0465,C097,P033,1,2023-03-19 08:00:00,Store A
T0466,C086,P024,1,2023-03-19 12:00:00,Store B
T0467,C035,P044,1,2023-03-19 16:00:00,Store A
T0468,C078,P011,2,2023-03-19 20:00:00,Store A
T0469,C080,P017,1,2023-03-20 00:00:00,Store C
T0470,C066,P004,2,2023-03-20 04:00:00,Store B
T0471,C088,P047,1,2023-03-20 08:00:00,Store C
T0472,C098,P025,1,2023-03-20 12:00:00,Store C
T0473,C097,P030,2,2023-03-20 16:00:00,Store B
T0474,C068,P009,4,2023-03-20 20:00:00,Store B
T0475,C028,P021,1,2023-03-21 00:00:00,Store A
T0476,C100,P020,3,2023-03-21 04:00:00,Store C
T0477,C093,P019,2,2023-03-21 08:00:00,Store B
T0478,C030,P019,2,2023-03-21 12:00:00,Store C
T0479,C097,P012,2,2023-03-21 16:00:00,Store C
T0480,C095,P037,1,2023-03-21 20:00:00,Store B
T0481,C074,P042,1,2023-03-22 00:00:00,Store A
T0482,C079,P017,2,2023-03-22 04:00:00,Store C
T0483,C064,P037,1,2023-03-22 08:00:00,Store B
T0484,C016,P048,4,2023-03-22 12:00:00,Store A
T0485,C058,P039,1,2023-03-22 16:00:00,Store C
T0486,C091,P028,1,2023-03-22 20:00:00,Store B
T0487,C002,P041,2,2023-03-23 00:00:00,Store C
T0488,C058,P035,1,2023-03-23 04:00:00,Store B
T0489,C064,P047,2,2023-03-23 08:00:00,Store B
T0490,C075,P048,2,2023-03-23 12:00:00,Store C
T0491,C097,P018,4,2023-03-23 16:00:00,Store C
T0492,C059,P014,3,2023-03-23 20:00:00,Store B
T0493,C059,P035,2,2023-03-24 00:00:00,Store A
T0494,C088,P044,2,2023-03-24 04:00:00,Store C
T0495,C069,P041,4,2023-03-24 08:00:00,Store B
T0496,C045,P007,1,2023-03-24 12:00:00,Store B
T0497,C069,P041,1,2023-03-24 16:00:00,Store A
T0498,C033,P013,1,2023-03-24 20:00:00,Store A
T0499,C038,P018,1,2023-03-25 00:00:00,Store A
T0500,C072,P037,2,2023-03-25 04:00:00,Store C
T0501,C066,P013,2,2023-03-25 08:00:00,Store B
T0502,C097,P036,2,2023-03-25 12:00:00,Store B
T0503,C061,P031,1,2023-03-25 16:00:00,Store B
T0504,C078,P002,2,2023-03-25 20:00:00,Store A
T0505,C081,P016,1,2023-03-26 00:00:00,Store B
T0506,C005,P009,2,2023-03-26 04:00:00,Store C
T0507,C083,P009,2,2023-03-26 08:00:00,Store A
T0508,C039,P038,1,2023-03-26 12:00:00,Store A
T0509,C099,P011,1,2023-03-26 16:00:00,Store A
T0510,C034,P022,1,2023-03-26 20:00:00,Store A
T0511,C065,P033,3,2023-03-27 00:00:00,Store C
T0512,C022,P036,4,2023-03-27 04:00:00,Store B
T0513,C100,P045,2,2023-03-27 08:00:00,Store C
T0514,C073,P023,1,2023-03-27 12:00:00,Store B
T0515,C079,P045,1,2023-03-27 16:00:00,Store C
T0516,C019,P045,2,2023-03-27 20:00:00,Store A
T0517,C088,P034,3,2023-03-28 00:00:00,Store A
T0518,C043,P009,1,2023-03-28 04:00:00,Store C
T0519,C096,P024,1,2023-03-28 08:00:00,Store C
T0520,C043,P008,2,2023-03-28 12:00:00,Store B
T0521,C041,P007,1,2023-03-28 16:00:00,Store C
T0522,C011,P036,1,2023-03-28 20:00:00,Store C
T0523,C070,P018,1,2023-03-29 00:00:00,Store B
T0524,C077,P003,2,2023-03-29 04:00:00,Store B
T0525,C018,P028,3,2023-03-29 08:00:00,Store B
T0526,C090,P006,4,2023-03-29 12:00:00,Store C
T0527,C069,P044,2,2023-03-29 16:00:00,Store B
T0528,C074,P044,2,2023-03-29 20:00:00,Store A
T0529,C068,P021,1,2023-03-30 00:00:00,Store A
T0530,C064,P028,2,2023-03-30 04:00:00,Store A
T0531,C077,P040,1,2023-03-30 08:00:00,Store C
T0532,C035,P001,2,2023-03-30 12:00:00,Store A
T0533,C039,P036,1,2023-03-30 16:00:00,Store C
T0534,C094,P021,1,2023-03-30 20:00:00,Store C
T0535,C098,P043,1,2023-03-31 00:00:00,Store A
T0536,C062,P035,1,2023-03-31 04:00:00,Store B
T0537,C051,P013,1,2023-03-31 08:00:00,Store C
T0538,C082,P049,1,2023-03-31 12:00:00,Store A
T0539,C065,P010,5,2023-03-31 16:00:00,Store C
T0540,C008,P044,1,2023-03-31 20:00:00,Store B
T0541,C035,P047,2,2023-04-01 00:00:00,Store B
T0542,C086,P010,3,2023-04-01 04:00:00,Store A
T0543,C083,P046,5,2023-04-01 08:00:00,Store C
T0544,C009,P013,2,2023-04-01 12:00:00,Store C
T0545,C045,P037,3,2023-04-01 16:00:00,Store C
T0546,C046,P038,1,2023-04-01 20:00:00,Store C
T0547,C084,P024,1,2023-04-02 00:00:00,Store A
T0548,C007,P002,1,2023-04-02 04:00:00,Store B
T0549,C026,P022,2,2023-04-02 08:00:00,Store A
T0550,C091,P017,2,2023-04-02 12:00:00,Store C
T0551,C039,P036,1,2023-04-02 16:00:00,Store C
T0552,C083,P014,1,2023-04-02 20:00:00,Store B
T0553,C047,P010,2,2023-04-03 00:00:00,Store C
T0554,C025,P035,1,2023-04-03 04:00:00,Store A
T0555,C048,P025,2,2023-04-03 08:00:00,Store A
T0556,C087,P003,2,2023-04-03 12:00:00,Store B
T0557,C094,P047,2,2023-04-03 16:00:00,Store A
T0558,C093,P038,3,2023-04-03 20:00:00,Store A
T0559,C064,P017,3,2023-04-04 00:00:00,Store A
T0560,C084,P012,1,2023-04-04 04:00:00,Store A
T0561,C043,P024,2,2023-04-04 08:00:00,Store C
T0562,C053,P029,2,2023-04-04 12:00:00,Store A
T0563,C096,P043,1,2023-04-04 16:00:00,Store B
T0564,C005,P025,1,2023-04-04 20:00:00,Store B
T0565,C022,P036,1,2023-04-05 00:00:00,Store A
T0566,C043,P026,1,2023-04-05 04:00:00,Store B
T0567,C008,P038,2,2023-04-05 08:00:00,Store A
T0568,C039,P001,3,2023-04-05 12:00:00,Store B
T0569,C078,P020,1,2023-04-05 16:00:00,Store B
T0570,C066,P028,1,2023-04-05 20:00:00,Store A
T0571,C096,P016,4,2023-04-06 00:00:00,Store A
T0572,C092,P047,1,2023-04-06 04:00:00,Store C
T0573,C059,P017,1,2023-04-06 08:00:00,Store A
T0574,C050,P040,2,2023-04-06 12:00:00,Store A
T0575,C062,P028,2,2023-04-06 16:00:00,Store C
T0576,C079,P012,1,2023-04-06 20:00:00,Store A
T0577,C051,P027,1,2023-04-07 00:00:00,Store A
T0578,C081,P042,1,2023-04-07 04:00:00,Store C
T0579,C065,P047,2,2023-04-07 08:00:00,Store A
T0580,C076,P030,2,2023-04-07 12:00:00,Store A
T0581,C067,P041,1,2023-04-07 16:00:00,Store C
T0582,C054,P034,2,2023-04-07 20:00:00,Store C
T0583,C098,P037,3,2023-04-08 00:00:00,Store B
T0584,C089,P006,1,2023-04-08 04:00:00,Store A
T0585,C033,P007,1,2023-04-08 08:00:00,Store B
T0586,C095,P032,2,2023-04-08 12:00:00,Store B
T0587,C071,P032,1,2023-04-08 16:00:00,Store C
T0588,C096,P025,1,2023-04-08 20:00:00,Store A
T0589,C091,P033,2,2023-04-09 00:00:00,Store A
T0590,C066,P007,3,2023-04-09 04:00:00,Store C
T0591,C007,P012,3,2023-04-09 08:00:00,Store B
T0592,C051,P016,2,2023-04-09 12:00:00,Store C
T0593,C075,P016,2,2023-04-09 16:00:00,Store A
T0594,C082,P043,1,2023-04-09 20:00:00,Store C
T0595,C049,P036,2,2023-04-10 00:00:00,Store A
T0596,C033,P013,1,2023-04-10 04:00:00,Store B
T0597,C093,P007,1,2023-04-10 08:00:00,Store A
T0598,C100,P036,2,2023-04-10 12:00:00,Store B
T0599,C074,P047,2,2023-04-10 16:00:00,Store B
T0600,C038,P009,1,2023-04-10 20:00:00,Store A
T0601,C051,P032,4,2023-04-11 00:00:00,Store A
T0602,C006,P011,1,2023-04-11 04:00:00,Store B
T0603,C097,P008,1,2023-04-11 08:00:00,Store C
T0604,C029,P033,1,2023-04-11 12:00:00,Store A
T0605,C078,P023,3,2023-04-11 16:00:00,Store B
T0606,C051,P025,2,2023-04-11 20:00:00,Store B
T0607,C076,P008,1,2023-04-12 00:00:00,Store C
T0608,C083,P045,2,2023-04-12 04:00:00,Store A
T0609,C093,P022,1,2023-04-12 08:00:00,Store B
T0610,C043,P004,3,2023-04-12 12:00:00,Store C
T0611,C004,P040,1,2023-04-12 16:00:00,Store B
T0612,C032,P003,1,2023-04-12 20:00:00,Store A
T0613,C096,P029,4,2023-04-13 00:00:00,Store C
T0614,C095,P041,1,2023-04-13 04:00:00,Store B
T0615,C079,P029,1,2023-04-13 08:00:00,Store C
T0616,C079,P034,2,2023-04-13 12:00:00,Store A
T0617,C084,P034,4,2023-04-13 16:00:00,Store C
T0618,C038,P028,1,2023-04-13 20:00:00,Store A
T0619,C097,P013,1,2023-04-14 00:00:00,Store B
T0620,C066,P015,1,2023-04-14 04:00:00,Store A
T0621,C063,P023,2,2023-04-14 08:00:00,Store B
T0622,C074,P044,1,2023-04-14 12:00:00,Store B
T0623,C014,P026,2,2023-04-14 16:00:00,Store A
T0624,C037,P004,5,2023-04-14 20:00:00,Store B
T0625,C088,P026,1,2023-04-15 00:00:00,Store C
T0626,C022,P040,1,2023-04-15 04:00:00,Store B
T0627,C080,P009,1,2023-04-15 08:00:00,Store A
T0628,C048,P005,1,2023-04-15 12:00:00,Store C
T0629,C063,P032,3,2023-04-15 16:00:00,Store C
T0630,C053,P020,1,2023-04-15 20:00:00,Store B
T0631,C060,P050,1,2023-04-16 00:00:00,Store B
T0632,C087,P011,2,2023-04-16 04:00:00,Store A
T0633,C054,P015,1,2023-04-16 08:00:00,Store C
T0634,C077,P032,2,2023-04-16 12:00:00,Store A
T0635,C071,P028,1,2023-04-16 16:00:00,Store B
T0636,C083,P022,3,2023-04-16 20:00:00,Store C
T0637,C098,P041,4,2023-04-17 00:00:00,Store A
T0638,C087,P017,2,2023-04-17 04:00:00,Store A
T0639,C044,P026,4,2023-04-17 08:00:00,Store A
T0640,C010,P044,1,2023-04-17 12:00:00,Store A
T0641,C050,P007,1,2023-04-17 16:00:00,Store A
T0642,C079,P042,2,2023-04-17 20:00:00,Store C
T0643,C015,P026,2,2023-04-18 00:00:00,Store A
T0644,C072,P025,1,2023-04-18 04:00:00,Store C
T0645,C079,P010,1,2023-04-18 08:00:00,Store A
T0646,C058,P045,1,2023-04-18 12:00:00,Store B
T0647,C090,P019,1,2023-04-18 16:00:00,Store B
T0648,C027,P011,1,2023-04-18 20:00:00,Store A
T0649,C020,P013,2,2023-04-19 00:00:00,Store B
T0650,C087,P008,1,2023-04-19 04:00:00,Store C
T0651,C072,P040,1,2023-04-19 08:00:00,Store A
T0652,C085,P004,2,2023-04-19 12:00:00,Store C
T0653,C067,P047,2,2023-04-19 16:00:00,Store A
T0654,C048,P031,3,2023-04-19 20:00:00,Store B
T0655,C092,P028,2,2023-04-20 00:00:00,Store C
T0656,C091,P011,1,2023-04-20 04:00:00,Store B
T0657,C085,P043,3,2023-04-20 08:00:00,Store B
T0658,C051,P001,2,2023-04-20 12:00:00,Store A
T0659,C079,P049,1,2023-04-20 16:00:00,Store C
T0660,C061,P047,2,2023-04-20 20:00:00,Store B
T0661,C024,P038,4,2023-04-21 00:00:00,Store A
T0662,C097,P024,1,2023-04-21 04:00:00,Store A
T0663,C032,P047,1,2023-04-21 08:00:00,Store A
T0664,C098,P031,1,2023-04-21 12:00:00,Store B
T0665,C068,P041,1,2023-04-21 16:00:00,Store A
T0666,C040,P046,1,2023-04-21 20:00:00,Store C
T0667,C075,P050,2,2023-04-22 00:00:00,Store C
T0668,C095,P026,1,2023-04-22 04:00:00,Store B
T0669,C087,P049,4,2023-04-22 08:00:00,Store C
T0670,C091,P050,3,2023-04-22 12:00:00,Store A
T0671,C083,P005,2,2023-04-22 16:00:00,Store B
T0672,C085,P020,3,2023-04-22 20:00:00,Store A
T0673,C094,P041,1,2023-04-23 00:00:00,Store B
T0674,C048,P011,1,2023-04-23 04:00:00,Store B
T0675,C072,P033,2,2023-04-23 08:00:00,Store A
T0676,C045,P050,3,2023-04-23 12:00:00,Store C
T0677,C100,P038,3,2023-04-23 16:00:00,Store C
T0678,C098,P027,1,2023-04-23 20:00:00,Store B
T0679,C012,P034,4,2023-04-24 00:00:00,Store A
T0680,C086,P015,1,2023-04-24 04:00:00,Store A
T0681,C097,P032,3,2023-04-24 08:00:00,Store B
T0682,C039,P021,5,2023-04-24 12:00:00,Store C
T0683,C077,P046,1,2023-04-24 16:00:00,Store A
T0684,C097,P005,2,2023-04-24 20:00:00,Store C
T0685,C010,P006,1,2023-04-25 00:00:00,Store C
T0686,C085,P038,1,2023-04-25 04:00:00,Store B
T0687,C054,P022,2,2023-04-25 08:00:00,Store B
T0688,C097,P018,2,2023-04-25 12:00:00,Store C
T0689,C099,P014,4,2023-04-25 16:00:00,Store A
T0690,C098,P010,2,2023-04-25 20:00:00,Store A
T0691,C070,P046,1,2023-04-26 00:00:00,Store B
T0692,C094,P013,3,2023-04-26 04:00:00,Store C
T0693,C093,P031,4,2023-04-26 08:00:00,Store A
T0694,C056,P030,1,2023-04-26 12:00:00,Store A
T0695,C093,P003,5,2023-04-26 16:00:00,Store B
T0696,C011,P030,1,2023-04-26 20:00:00,Store C
T0697,C079,P006,3,2023-04-27 00:00:00,Store A
T0698,C046,P029,1,2023-04-27 04:00:00,Store B
T0699,C029,P008,1,2023-04-27 08:00:00,Store A
T0700,C021,P044,1,2023-04-27 12:00:00,Store A
T0701,C085,P045,2,2023-04-27 16:00:00,Store A
T0702,C058,P043,1,2023-04-27 20:00:00,Store B
T0703,C087,P044,1,2023-04-28 00:00:00,Store C
T0704,C018,P033,2,2023-04-28 04:00:00,Store B
T0705,C056,P017,4,2023-04-28 08:00:00,Store C
T0706,C075,P048,1,2023-04-28 12:00:00,Store A
T0707,C091,P011,1,2023-04-28 16:00:00,Store C
T0708,C056,P013,1,2023-04-28 20:00:00,Store A
T0709,C081,P050,1,2023-04-29 00:00:00,Store A
T0710,C095,P011,3,2023-04-29 04:00:00,Store B
T0711,C080,P031,3,2023-04-29 08:00:00,Store A
T0712,C046,P028,2,2023-04-29 12:00:00,Store B
T0713,C008,P044,1,2023-04-29 16:00:00,Store C
T0714,C095,P006,3,2023-04-29 20:00:00,Store C
T0715,C007,P041,2,2023-04-30 00:00:00,Store A
T0716,C095,P016,3,2023-04-30 04:00:00,Store B
T0717,C075,P004,2,2023-04-30 08:00:00,Store A
T0718,C098,P035,3,2023-04-30 12:00:00,Store B
T0719,C091,P048,2,2023-04-30 16:00:00,Store B
T0720,C100,P026,1,2023-04-30 20:00:00,Store B
T0721,C060,P012,4,2023-05-01 00:00:00,Store C
T0722,C089,P011,2,2023-05-01 04:00:00,Store B
T0723,C064,P037,2,2023-05-01 08:00:00,Store C
T0724,C071,P025,1,2023-05-01 12:00:00,Store B
T0725,C081,P018,2,2023-05-01 16:00:00,Store C
T0726,C095,P019,2,2023-05-01 20:00:00,Store C
T0727,C100,P023,1,2023-05-02 00:00:00,Store C
T0728,C089,P038,1,2023-05-02 04:00:00,Store A
T0729,C066,P018,2,2023-05-02 08:00:00,Store B
T0730,C066,P026,3,2023-05-02 12:00:00,Store A
T0731,C088,P006,2,2023-05-02 16:00:00,Store B
T0732,C047,P004,1,2023-05-02 20:00:00,Store B
T0733,C027,P044,2,2023-05-03 00:00:00,Store A
T0734,C060,P029,1,2023-05-03 04:00:00,Store C
T0735,C053,P034,1,2023-05-03 08:00:00,Store B
T0736,C054,P017,1,2023-05-03 12:00:00,Store C
T0737,C046,P043,1,2023-05-03 16:00:00,Store A
T0738,C013,P043,1,2023-05-03 20:00:00,Store C
T0739,C006,P016,1,2023-05-04 00:00:00,Store B
T0740,C100,P002,1,2023-05-04 04:00:00,Store B
T0741,C067,P034,1,2023-05-04 08:00:00,Store B
T0742,C063,P008,2,2023-05-04 12:00:00,Store A
T0743,C084,P013,1,2023-05-04 16:00:00,Store B
T0744,C044,P042,1,2023-05-04 20:00:00,Store A
T0745,C098,P008,3,2023-05-05 00:00:00,Store C
T0746,C090,P030,1,2023-05-05 04:00:00,Store B
T0747,C023,P032,2,2023-05-05 08:00:00,Store B
T0748,C066,P036,1,2023-05-05 12:00:00,Store B
T0749,C095,P047,1,2023-05-05 16:00:00,Store C
T0750,C098,P030,2,2023-05-05 20:00:00,Store B
T0751,C070,P001,2,2023-05-06 00:00:00,Store A
T0752,C080,P043,3,2023-05-06 04:00:00,Store C
T0753,C037,P039,2,2023-05-06 08:00:00,Store C
T0754,C100,P017,4,2023-05-06 12:00:00,Store C
T0755,C046,P020,1,2023-05-06 16:00:00,Store C
T0756,C098,P024,1,2023-05-06 20:00:00,Store C
T0757,C083,P050,1,2023-05-07 00:00:00,Store A
T0758,C080,P022,1,2023-05-07 04:00:00,Store C
T0759,C073,P029,2,2023-05-07 08:00:00,Store B
T0760,C046,P022,2,2023-05-07 12:00:00,Store C
T0761,C038,P044,1,2023-05-07 16:00:00,Store C
T0762,C045,P009,4,2023-05-07 20:00:00,Store C
T0763,C040,P037,3,2023-05-08 00:00:00,Store C
T0764,C090,P010,1,2023-05-08 04:00:00,Store C
T0765,C059,P036,1,2023-05-08 08:00:00,Store A
T0766,C016,P037,1,2023-05-08 12:00:00,Store A
T0767,C099,P028,1,2023-05-08 16:00:00,Store C
T0768,C095,P028,1,2023-05-08 20:00:00,Store A
T0769,C097,P042,2,2023-05-09 00:00:00,Store B
T0770,C100,P043,1,2023-05-09 04:00:00,Store C
T0771,C038,P021,1,2023-05-09 08:00:00,Store B
T0772,C064,P024,5,2023-05-09 12:00:00,Store B
T0773,C089,P042,2,2023-05-09 16:00:00,Store C
T0774,C085,P040,4,2023-05-09 20:00:00,Store B
T0775,C035,P002,1,2023-05-10 00:00:00,Store B
T0776,C092,P008,1,2023-05-10 04:00:00,Store B
T0777,C045,P048,2,2023-05-10 08:00:00,Store C
T0778,C045,P027,1,2023-05-10 12:00:00,Store C
T0779,C075,P022,1,2023-05-10 16:00:00,Store B
T0780,C079,P037,2,2023-05-10 20:00:00,Store C
T0781,C078,P027,2,2023-05-11 00:00:00,Store C
T0782,C024,P029,1,2023-05-11 04:00:00,Store B
T0783,C095,P003,1,2023-05-11 08:00:00,Store C
T0784,C050,P044,1,2023-05-11 12:00:00,Store A
T0785,C031,P013,1,2023-05-11 16:00:00,Store C
T0786,C095,P045,1,2023-05-11 20:00:00,Store A
T0787,C099,P010,1,2023-05-12 00:00:00,Store B
T0788,C094,P036,1,2023-05-12 04:00:00,Store C
T0789,C092,P009,4,2023-05-12 08:00:00,Store B
T0790,C083,P027,2,2023-05-12 12:00:00,Store B
T0791,C076,P034,2,2023-05-12 16:00:00,Store B
T0792,C023,P001,1,2023-05-12 20:00:00,Store B
T0793,C065,P032,1,2023-05-13 00:00:00,Store B
T0794,C062,P025,1,2023-05-13 04:00:00,Store C
T0795,C050,P029,1,2023-05-13 08:00:00,Store A
T0796,C087,P007,1,2023-05-13 12:00:00,Store C
T0797,C072,P049,3,2023-05-13 16:00:00,Store C
T0798,C022,P003,2,2023-05-13 20:00:00,Store C
T0799,C045,P020,2,2023-05-14 00:00:00,Store C
T0800,C085,P020,1,2023-05-14 04:00:00,Store A
T0801,C021,P030,4,2023-05-14 08:00:00,Store C
T0802,C094,P035,1,2023-05-14 12:00:00,Store B
T0803,C072,P035,1,2023-05-14 16:00:00,Store C
T0804,C071,P049,1,2023-05-14 20:00:00,Store C
T0805,C079,P039,3,2023-05-15 00:00:00,Store A
T0806,C092,P027,5,2023-05-15 04:00:00,Store A
T0807,C059,P026,1,2023-05-15 08:00:00,Store B
T0808,C084,P014,3,2023-05-15 12:00:00,Store C
T0809,C077,P017,3,2023-05-15 16:00:00,Store C
T0810,C051,P018,1,2023-05-15 20:00:00,Store C
T0811,C095,P045,1,2023-05-16 00:00:00,Store B
T0812,C091,P029,1,2023-05-16 04:00:00,Store A
T0813,C083,P020,5,2023-05-16 08:00:00,Store B
T0814,C094,P027,1,2023-05-16 12:00:00,Store C
T0815,C094,P018,3,2023-05-16 16:00:00,Store A
T0816,C086,P004,1,2023-05-16 20:00:00,Store A
T0817,C093,P001,2,2023-05-17 00:00:00,Store B
T0818,C085,P050,1,2023-05-17 04:00:00,Store A
T0819,C084,P001,2,2023-05-17 08:00:00,Store A
T0820,C081,P026,3,2023-05-17 12:00:00,Store C
T0821,C089,P045,3,2023-05-17 16:00:00,Store C
T0822,C036,P020,3,2023-05-17 20:00:00,Store A
T0823,C095,P023,1,2023-05-18 00:00:00,Store A
T0824,C095,P010,2,2023-05-18 04:00:00,Store B
T0825,C009,P011,1,2023-05-18 08:00:00,Store B
T0826,C092,P041,1,2023-05-18 12:00:00,Store A
T0827,C031,P041,2,2023-05-18 16:00:00,Store C
T0828,C058,P005,1,2023-05-18 20:00:00,Store A
T0829,C088,P001,2,2023-05-19 00:00:00,Store A
T0830,C036,P017,5,2023-05-19 04:00:00,Store C
T0831,C092,P022,1,2023-05-19 08:00:00,Store C
T0832,C093,P034,2,2023-05-19 12:00:00,Store B
T0833,C073,P045,1,2023-05-19 16:00:00,Store B
T0834,C003,P041,1,2023-05-19 20:00:00,Store B
T0835,C053,P029,1,2023-05-20 00:00:00,Store B
T0836,C081,P004,4,2023-05-20 04:00:00,Store C
T0837,C100,P005,3,2023-05-20 08:00:00,Store A
T0838,C081,P011,4,2023-05-20 12:00:00,Store B
T0839,C050,P021,5,2023-05-20 16:00:00,Store B
T0840,C082,P035,1,2023-05-20 20:00:00,Store C
T0841,C075,P012,1,2023-05-21 00:00:00,Store C
T0842,C090,P026,2,2023-05-21 04:00:00,Store A
T0843,C027,P019,1,2023-05-21 08:00:00,Store A
T0844,C089,P045,1,2023-05-21 12:00:00,Store C
T0845,C075,P007,1,2023-05-21 16:00:00,Store B
T0846,C099,P047,2,2023-05-21 20:00:00,Store B
T0847,C059,P007,2,2023-05-22 00:00:00,Store B
T0848,C082,P026,1,2023-05-22 04:00:00,Store A
T0849,C097,P040,1,2023-05-22 08:00:00,Store B
T0850,C026,P005,2,2023-05-22 12:00:00,Store B
T0851,C098,P021,2,2023-05-22 16:00:00,Store C
T0852,C085,P014,1,2023-05-22 20:00:00,Store B
T0853,C019,P004,2,2023-05-23 00:00:00,Store C
T0854,C054,P023,1,2023-05-23 04:00:00,Store B
T0855,C086,P042,1,2023-05-23 08:00:00,Store A
T0856,C019,P020,3,2023-05-23 12:00:00,Store B
T0857,C078,P015,2,2023-05-23 16:00:00,Store B
T0858,C059,P050,1,2023-05-23 20:00:00,Store C
T0859,C081,P045,2,2023-05-24 00:00:00,Store C
T0860,C013,P029,2,2023-05-24 04:00:00,Store C
T0861,C095,P008,3,2023-05-24 08:00:00,Store B
T0862,C099,P041,2,2023-05-24 12:00:00,Store B
T0863,C099,P048,2,2023-05-24 16:00:00,Store A
T0864,C088,P019,1,2023-05-24 20:00:00,Store B
T0865,C031,P048,1,2023-05-25 00:00:00,Store A
T0866,C089,P039,1,2023-05-25 04:00:00,Store C
T0867,C008,P046,1,2023-05-25 08:00:00,Store C
T0868,C007,P028,2,2023-05-25 12:00:00,Store C
T0869,C057,P046,2,2023-05-25 16:00:00,Store A
T0870,C071,P027,1,2023-05-25 20:00:00,Store B
T0871,C090,P004,1,2023-05-26 00:00:00,Store C
T0872,C085,P015,1,2023-05-26 04:00:00,Store B
T0873,C068,P035,1,2023-05-26 08:00:00,Store B
T0874,C051,P037,2,2023-05-26 12:00:00,Store C
T0875,C100,P001,1,2023-05-26 16:00:00,Store A
T0876,C066,P003,2,2023-05-26 20:00:00,Store B
T0877,C069,P047,4,2023-05-27 00:00:00,Store C
T0878,C037,P024,1,2023-05-27 04:00:00,Store B
T0879,C091,P027,1,2023-05-27 08:00:00,Store B
T0880,C085,P040,1,2023-05-27 12:00:00,Store B
T0881,C045,P036,2,2023-05-27 16:00:00,Store B
T0882,C022,P034,2,2023-05-27 20:00:00,Store B
T0883,C084,P029,1,2023-05-28 00:00:00,Store A
T0884,C083,P024,2,2023-05-28 04:00:00,Store A
T0885,C051,P024,3,2023-05-28 08:00:00,Store C
T0886,C098,P042,1,2023-05-28 12:00:00,Store A
T0887,C035,P004,1,2023-05-28 16:00:00,Store A
T0888,C067,P003,3,2023-05-28 20:00:00,Store A
T0889,C098,P034,2,2023-05-29 00:00:00,Store B
T0890,C066,P049,3,2023-05-29 04:00:00,Store B
T0891,C082,P023,2,2023-05-29 08:00:00,Store C
T0892,C064,P023,3,2023-05-29 12:00:00,Store C
T0893,C051,P045,1,2023-05-29 16:00:00,Store C
T0894,C100,P005,2,2023-05-29 20:00:00,Store B
T0895,C065,P031,4,2023-05-30 00:00:00,Store A
T0896,C096,P041,2,2023-05-30 04:00:00,Store A
T0897,C046,P006,1,2023-05-30 08:00:00,Store B
T0898,C044,P037,1,2023-05-30 12:00:00,Store C
T0899,C010,P010,1,2023-05-30 16:00:00,Store C
T0900,C083,P040,1,2023-05-30 20:00:00,Store C
T0901,C061,P007,1,2023-05-31 00:00:00,Store B
T0902,C094,P039,2,2023-05-31 04:00:00,Store C
T0903,C070,P038,2,2023-05-31 08:00:00,Store C
T0904,C099,P021,1,2023-05-31 12:00:00,Store B
T0905,C040,P020,2,2023-05-31 16:00:00,Store A
T0906,C095,P003,1,2023-05-31 20:00:00,Store B
T0907,C090,P022,1,2023-06-01 00:00:00,Store B
T0908,C090,P047,1,2023-06-01 04:00:00,Store B
T0909,C093,P004,2,2023-06-01 08:00:00,Store B
T0910,C089,P028,1,2023-06-01 12:00:00,Store A
T0911,C081,P012,1,2023-06-01 16:00:00,Store C
T0912,C031,P038,1,2023-06-01 20:00:00,Store B
T0913,C010,P036,3,2023-06-02 00:00:00,Store A
T0914,C097,P047,1,2023-06-02 04:00:00,Store C
T0915,C080,P041,2,2023-06-02 08:00:00,Store C
T0916,C091,P005,2,2023-06-02 12:00:00,Store C
T0917,C071,P013,3,2023-06-02 16:00:00,Store B
T0918,C029,P023,4,2023-06-02 20:00:00,Store B
T0919,C030,P050,1,2023-06-03 00:00:00,Store C
T0920,C085,P030,1,2023-06-03 04:00:00,Store C
T0921,C067,P037,3,2023-06-03 08:00:00,Store C
T0922,C042,P025,1,2023-06-03 12:00:00,Store C
T0923,C072,P048,2,2023-06-03 16:00:00,Store C
T0924,C018,P027,2,2023-06-03 20:00:00,Store C
T0925,C078,P014,2,2023-06-04 00:00:00,Store A
T0926,C051,P048,4,2023-06-04 04:00:00,Store C
T0927,C091,P047,5,2023-06-04 08:00:00,Store B
T0928,C055,P036,2,2023-06-04 12:00:00,Store B
T0929,C069,P039,1,2023-06-04 16:00:00,Store B
T0930,C004,P016,3,2023-06-04 20:00:00,Store C
T0931,C020,P022,1,2023-06-05 00:00:00,Store B
T0932,C063,P021,1,2023-06-05 04:00:00,Store A
T0933,C071,P021,3,2023-06-05 08:00:00,Store C
T0934,C079,P008,1,2023-06-05 12:00:00,Store B
T0935,C053,P049,1,2023-06-05 16:00:00,Store A
T0936,C085,P016,1,2023-06-05 20:00:00,Store A
T0937,C094,P031,3,2023-06-06 00:00:00,Store B
T0938,C090,P042,2,2023-06-06 04:00:00,Store A
T0939,C012,P010,2,2023-06-06 08:00:00,Store B
T0940,C071,P032,1,2023-06-06 12:00:00,Store A
T0941,C026,P034,3,2023-06-06 16:00:00,Store C
T0942,C047,P009,3,2023-06-06 20:00:00,Store C
T0943,C100,P017,1,2023-06-07 00:00:00,Store C
T0944,C033,P011,1,2023-06-07 04:00:00,Store C
T0945,C072,P032,1,2023-06-07 08:00:00,Store C
T0946,C081,P010,5,2023-06-07 12:00:00,Store B
T0947,C086,P022,2,2023-06-07 16:00:00,Store C
T0948,C077,P017,4,2023-06-07 20:00:00,Store C
T0949,C004,P004,1,2023-06-08 00:00:00,Store C
T0950,C057,P048,3,2023-06-08 04:00:00,Store C
T0951,C074,P047,3,2023-06-08 08:00:00,Store A
T0952,C023,P025,2,2023-06-08 12:00:00,Store C
T0953,C059,P021,4,2023-06-08 16:00:00,Store C
T0954,C010,P037,1,2023-06-08 20:00:00,Store B
T0955,C021,P038,1,2023-06-09 00:00:00,Store A
T0956,C064,P049,2,2023-06-09 04:00:00,Store B
T0957,C031,P001,2,2023-06-09 08:00:00,Store C
T0958,C077,P025,2,2023-06-09 12:00:00,Store B
T0959,C085,P036,1,2023-06-09 16:00:00,Store B
T0960,C091,P017,2,2023-06-09 20:00:00,Store C
T0961,C042,P041,1,2023-06-10 00:00:00,Store A
T0962,C037,P024,1,2023-06-10 04:00:00,Store A
T0963,C026,P002,2,2023-06-10 08:00:00,Store B
T0964,C082,P040,2,2023-06-10 12:00:00,Store C
T0965,C086,P015,1,2023-06-10 16:00:00,Store B
T0966,C010,P032,1,2023-06-10 20:00:00,Store B
T0967,C098,P039,1,2023-06-11 00:00:00,Store B
T0968,C015,P006,1,2023-06-11 04:00:00,Store C
T0969,C075,P001,3,2023-06-11 08:00:00,Store C
T0970,C086,P047,4,2023-06-11 12:00:00,Store A
T0971,C095,P023,1,2023-06-11 16:00:00,Store C
T0972,C086,P039,3,2023-06-11 20:00:00,Store B
T0973,C091,P017,3,2023-06-12 00:00:00,Store B
T0974,C058,P034,3,2023-06-12 04:00:00,Store A
T0975,C092,P041,1,2023-06-12 08:00:00,Store C
T0976,C021,P029,4,2023-06-12 12:00:00,Store B
T0977,C096,P009,1,2023-06-12 16:00:00,Store A
T0978,C076,P013,1,2023-06-12 20:00:00,Store A
T0979,C092,P006,1,2023-06-13 00:00:00,Store B
T0980,C069,P006,1,2023-06-13 04:00:00,Store B
T0981,C082,P020,1,2023-06-13 08:00:00,Store C
T0982,C074,P003,1,2023-06-13 12:00:00,Store A
T0983,C087,P017,1,2023-06-13 16:00:00,Store B
T0984,C022,P049,3,2023-06-13 20:00:00,Store A
T0985,C017,P012,3,2023-06-14 00:00:00,Store C
T0986,C048,P048,1,2023-06-14 04:00:00,Store B
T0987,C036,P047,3,2023-06-14 08:00:00,Store C
T0988,C095,P045,3,2023-06-14 12:00:00,Store A
T0989,C045,P001,3,2023-06-14 16:00:00,Store C
T0990,C099,P017,1,2023-06-14 20:00:00,Store C
T0991,C058,P003,2,2023-06-15 00:00:00,Store A
T0992,C039,P026,4,2023-06-15 04:00:00,Store C
T0993,C091,P015,2,2023-06-15 08:00:00,Store A
T0994,C083,P036,1,2023-06-15 12:00:00,Store B
T0995,C072,P032,2,2023-06-15 16:00:00,Store A
T0996,C076,P032,2,2023-06-15 20:00:00,Store A
T0997,C087,P004,2,2023-06-16 00:00:00,Store B
T0998,C046,P018,1,2023-06-16 04:00:00,Store A
T0999,C100,P049,1,2023-06-16 08:00:00,Store B
T1000,C099,P019,3,2023-06-16 12:00:00,Store B
T1001,C083,P043,3,2023-06-16 16:00:00,Store A
T1002,C042,P035,1,2023-06-16 20:00:00,Store C
T1003,C084,P040,4,2023-06-17 00:00:00,Store C
T1004,C020,P014,1,2023-06-17 04:00:00,Store B
T1005,C010,P033,2,2023-06-17 08:00:00,Store C
T1006,C049,P014,3,2023-06-17 12:00:00,Store C
T1007,C069,P034,3,2023-06-17 16:00:00,Store A
T1008,C094,P004,4,2023-06-17 20:00:00,Store B
T1009,C087,P024,1,2023-06-18 00:00:00,Store B
T1010,C088,P029,3,2023-06-18 04:00:00,Store A
T1011,C066,P019,1,2023-06-18 08:00:00,Store C
T1012,C059,P006,2,2023-06-18 12:00:00,Store B
T1013,C061,P033,2,2023-06-18 16:00:00,Store C
T1014,C100,P049,2,2023-06-18 20:00:00,Store B
T1015,C012,P040,1,2023-06-19 00:00:00,Store B
T1016,C094,P019,3,2023-06-19 04:00:00,Store B
T1017,C078,P001,1,2023-06-19 08:00:00,Store B
T1018,C067,P005,1,2023-06-19 12:00:00,Store C
T1019,C087,P027,2,2023-06-19 16:00:00,Store C
T1020,C071,P016,1,2023-06-19 20:00:00,Store C
T1021,C095,P006,3,2023-06-20 00:00:00,Store C
T1022,C096,P040,1,2023-06-20 04:00:00,Store A
T1023,C066,P013,1,2023-06-20 08:00:00,Store B
T1024,C052,P048,3,2023-06-20 12:00:00,Store B
T1025,C079,P035,2,2023-06-20 16:00:00,Store B
T1026,C097,P019,1,2023-06-20 20:00:00,Store A
T1027,C043,P012,2,2023-06-21 00:00:00,Store C
T1028,C081,P016,2,2023-06-21 04:00:00,Store B
T1029,C081,P043,2,2023-06-21 08:00:00,Store C
T1030,C087,P010,1,2023-06-21 12:00:00,Store C
T1031,C031,P025,3,2023-06-21 16:00:00,Store A
T1032,C086,P020,3,2023-06-21 20:00:00,Store A
T1033,C096,P031,2,2023-06-22 00:00:00,Store C
T1034,C039,P004,1,2023-06-22 04:00:00,Store B
T1035,C047,P044,3,2023-06-22 08:00:00,Store B
T1036,C099,P023,2,2023-06-22 12:00:00,Store A
T1037,C039,P002,2,2023-06-22 16:00:00,Store A
T1038,C094,P022,1,2023-06-22 20:00:00,Store A
T1039,C072,P037,3,2023-06-23 00:00:00,Store A
T1040,C048,P008,2,2023-06-23 04:00:00,Store A
T1041,C095,P007,1,2023-06-23 08:00:00,Store A
T1042,C068,P014,1,2023-06-23 12:00:00,Store A
T1043,C073,P003,3,2023-06-23 16:00:00,Store B
T1044,C060,P050,1,2023-06-23 20:00:00,Store A
T1045,C079,P016,4,2023-06-24 00:00:00,Store A
T1046,C036,P019,2,2023-06-24 04:00:00,Store B
T1047,C063,P018,2,2023-06-24 08:00:00,Store B
T1048,C099,P016,1,2023-06-24 12:00:00,Store C
T1049,C049,P008,1,2023-06-24 16:00:00,Store A
T1050,C083,P033,4,2023-06-24 20:00:00,Store A
T1051,C057,P049,1,2023-06-25 00:00:00,Store A
T1052,C090,P012,3,2023-06-25 04:00:00,Store A
T1053,C031,P011,1,2023-06-25 08:00:00,Store C
T1054,C099,P005,1,2023-06-25 12:00:00,Store B
T1055,C069,P027,1,2023-06-25 16:00:00,Store B
T1056,C047,P012,2,2023-06-25 20:00:00,Store A
T1057,C020,P017,5,2023-06-26 00:00:00,Store A
T1058,C037,P006,1,2023-06-26 04:00:00,Store A
T1059,C074,P033,1,2023-06-26 08:00:00,Store C
T1060,C058,P005,1,2023-06-26 12:00:00,Store C
T1061,C093,P028,2,2023-06-26 16:00:00,Store B
T1062,C067,P014,1,2023-06-26 20:00:00,Store A
T1063,C048,P005,3,2023-06-27 00:00:00,Store A
T1064,C081,P033,2,2023-06-27 04:00:00,Store A
T1065,C086,P050,2,2023-06-27 08:00:00,Store A
T1066,C037,P048,1,2023-06-27 12:00:00,Store C
T1067,C037,P041,5,2023-06-27 16:00:00,Store B
T1068,C011,P019,1,2023-06-27 20:00:00,Store B
T1069,C088,P022,1,2023-06-28 00:00:00,Store C
T1070,C083,P005,2,2023-06-28 04:00:00,Store A
T1071,C070,P002,2,2023-06-28 08:00:00,Store B
T1072,C093,P030,1,2023-06-28 12:00:00,Store B
T1073,C091,P047,1,2023-06-28 16:00:00,Store C
T1074,C078,P039,3,2023-06-28 20:00:00,Store A
T1075,C094,P004,1,2023-06-29 00:00:00,Store B
T1076,C043,P033,3,2023-06-29 04:00:00,Store A
T1077,C028,P013,2,2023-06-29 08:00:00,Store B
T1078,C051,P020,1,2023-06-29 12:00:00,Store C
T1079,C016,P007,1,2023-06-29 16:00:00,Store A
T1080,C075,P015,1,2023-06-29 20:00:00,Store C
T1081,C098,P023,3,2023-06-30 00:00:00,Store B
T1082,C012,P014,2,2023-06-30 04:00:00,Store C
T1083,C030,P023,1,2023-06-30 08:00:00,Store C
T1084,C069,P019,2,2023-06-30 12:00:00,Store C
T1085,C098,P029,5,2023-06-30 16:00:00,Store B
T1086,C056,P020,1,2023-06-30 20:00:00,Store A
T1087,C073,P029,4,2023-07-01 00:00:00,Store C
T1088,C012,P024,1,2023-07-01 04:00:00,Store A
T1089,C034,P018,1,2023-07-01 08:00:00,Store B
T1090,C100,P010,1,2023-07-01 12:00:00,Store A
T1091,C099,P041,1,2023-07-01 16:00:00,Store C
T1092,C002,P008,1,2023-07-01 20:00:00,Store C
T1093,C098,P026,1,2023-07-02 00:00:00,Store C
T1094,C082,P029,4,2023-07-02 04:00:00,Store C
T1095,C094,P010,3,2023-07-02 08:00:00,Store C
T1096,C069,P017,2,2023-07-02 12:00:00,Store C
T1097,C074,P002,1,2023-07-02 16:00:00,Store B
T1098,C072,P006,1,2023-07-02 20:00:00,Store B
T1099,C084,P005,1,2023-07-03 00:00:00,Store B
T1100,C033,P028,2,2023-07-03 04:00:00,Store A
T1101,C009,P041,4,2023-07-03 08:00:00,Store A
T1102,C055,P005,1,2023-07-03 12:00:00,Store B
T1103,C086,P018,1,2023-07-03 16:00:00,Store A
T1104,C042,P026,2,2023-07-03 20:00:00,Store A
T1105,C084,P020,1,2023-07-04 00:00:00,Store C
T1106,C099,P041,1,2023-07-04 04:00:00,Store C
T1107,C024,P049,2,2023-07-04 08:00:00,Store A
T1108,C084,P027,2,2023-07-04 12:00:00,Store A
T1109,C068,P049,1,2023-07-04 16:00:00,Store B
T1110,C094,P012,1,2023-07-04 20:00:00,Store A
T1111,C039,P007,5,2023-07-05 00:00:00,Store C
T1112,C085,P003,1,2023-07-05 04:00:00,Store A
T1113,C093,P010,1,2023-07-05 08:00:00,Store B
T1114,C098,P034,1,2023-07-05 12:00:00,Store C
T1115,C085,P025,1,2023-07-05 16:00:00,Store C
T1116,C072,P035,1,2023-07-05 20:00:00,Store C
T1117,C081,P016,3,2023-07-06 00:00:00,Store C
T1118,C095,P002,1,2023-07-06 04:00:00,Store A
T1119,C077,P024,1,2023-07-06 08:00:00,Store B
T1120,C009,P010,2,2023-07-06 12:00:00,Store A
T1121,C097,P038,2,2023-07-06 16:00:00,Store A
T1122,C085,P022,3,2023-07-06 20:00:00,Store C
T1123,C084,P026,3,2023-07-07 00:00:00,Store B
T1124,C044,P043,1,2023-07-07 04:00:00,Store C
T1125,C083,P039,3,2023-07-07 08:00:00,Store A
T1126,C064,P027,1,2023-07-07 12:00:00,Store A
T1127,C083,P029,5,2023-07-07 16:00:00,Store C
T1128,C027,P047,1,2023-07-07 20:00:00,Store A
T1129,C083,P038,5,2023-07-08 00:00:00,Store A
T1130,C100,P020,3,2023-07-08 04:00:00,Store C
T1131,C014,P027,1,2023-07-08 08:00:00,Store A
T1132,C100,P041,2,2023-07-08 12:00:00,Store B
T1133,C065,P020,5,2023-07-08 16:00:00,Store C
T1134,C095,P044,3,2023-07-08 20:00:00,Store B
T1135,C090,P019,1,2023-07-09 00:00:00,Store A
T1136,C077,P020,2,2023-07-09 04:00:00,Store A
T1137,C088,P035,1,2023-07-09 08:00:00,Store C
T1138,C095,P047,1,2023-07-09 12:00:00,Store A
T1139,C064,P002,1,2023-07-09 16:00:00,Store C
T1140,C057,P030,1,2023-07-09 20:00:00,Store C
T1141,C084,P034,3,2023-07-10 00:00:00,Store C
T1142,C091,P022,1,2023-07-10 04:00:00,Store C
T1143,C089,P003,3,2023-07-10 08:00:00,Store C
T1144,C091,P006,1,2023-07-10 12:00:00,Store B
T1145,C067,P015,1,2023-07-10 16:00:00,Store C
T1146,C092,P027,1,2023-07-10 20:00:00,Store B
T1147,C029,P010,1,2023-07-11 00:00:00,Store A
T1148,C076,P009,1,2023-07-11 04:00:00,Store C
T1149,C002,P033,1,2023-07-11 08:00:00,Store A
T1150,C057,P032,2,2023-07-11 12:00:00,Store C
T1151,C061,P048,1,2023-07-11 16:00:00,Store B
T1152,C064,P006,1,2023-07-11 20:00:00,Store B
T1153,C085,P041,1,2023-07-12 00:00:00,Store B
T1154,C063,P036,3,2023-07-12 04:00:00,Store A
T1155,C068,P002,4,2023-07-12 08:00:00,Store C
T1156,C047,P029,1,2023-07-12 12:00:00,Store A
T1157,C062,P004,1,2023-07-12 16:00:00,Store B
T1158,C046,P001,1,2023-07-12 20:00:00,Store A
T1159,C020,P019,4,2023-07-13 00:00:00,Store B
T1160,C080,P026,1,2023-07-13 04:00:00,Store B
T1161,C084,P025,1,2023-07-13 08:00:00,Store B
T1162,C081,P010,1,2023-07-13 12:00:00,Store C
T1163,C070,P015,1,2023-07-13 16:00:00,Store C
T1164,C062,P022,1,2023-07-13 20:00:00,Store B
T1165,C094,P048,3,2023-07-14 00:00:00,Store A
T1166,C074,P021,1,2023-07-14 04:00:00,Store A
T1167,C071,P022,2,2023-07-14 08:00:00,Store C
T1168,C008,P036,1,2023-07-14 12:00:00,Store B
T1169,C059,P034,1,2023-07-14 16:00:00,Store A
T1170,C062,P030,4,2023-07-14 20:00:00,Store B
T1171,C064,P025,1,2023-07-15 00:00:00,Store A
T1172,C078,P045,3,2023-07-15 04:00:00,Store C
T1173,C075,P028,2,2023-07-15 08:00:00,Store B
T1174,C080,P001,1,2023-07-15 12:00:00,Store B
T1175,C089,P049,4,2023-07-15 16:00:00,Store A
T1176,C092,P045,1,2023-07-15 20:00:00,Store A
T1177,C087,P004,3,2023-07-16 00:00:00,Store A
T1178,C099,P007,1,2023-07-16 04:00:00,Store B
T1179,C006,P049,3,2023-07-16 08:00:00,Store C
T1180,C041,P009,1,2023-07-16 12:00:00,Store C
T1181,C003,P036,2,2023-07-16 16:00:00,Store A
T1182,C082,P019,3,2023-07-16 20:00:00,Store C
T1183,C096,P001,4,2023-07-17 00:00:00,Store A
T1184,C048,P010,4,2023-07-17 04:00:00,Store C
T1185,C097,P036,3,2023-07-17 08:00:00,Store B
T1186,C017,P009,3,2023-07-17 12:00:00,Store A
T1187,C098,P045,1,2023-07-17 16:00:00,Store C
T1188,C060,P046,1,2023-07-17 20:00:00,Store B
T1189,C026,P042,1,2023-07-18 00:00:00,Store C
T1190,C071,P032,1,2023-07-18 04:00:00,Store B
T1191,C049,P032,1,2023-07-18 08:00:00,Store B
T1192,C053,P006,2,2023-07-18 12:00:00,Store C
T1193,C055,P048,1,2023-07-18 16:00:00,Store C
T1194,C091,P038,2,2023-07-18 20:00:00,Store B
T1195,C075,P017,1,2023-07-19 00:00:00,Store B
T1196,C055,P010,1,2023-07-19 04:00:00,Store B
T1197,C080,P050,2,2023-07-19 08:00:00,Store A
T1198,C087,P027,3,2023-07-19 12:00:00,Store B
T1199,C051,P050,2,2023-07-19 16:00:00,Store A
T1200,C065,P035,2,2023-07-19 20:00:00,Store B
T1201,C030,P021,1,2023-07-20 00:00:00,Store A
T1202,C039,P025,2,2023-07-20 04:00:00,Store B
T1203,C084,P028,1,2023-07-20 08:00:00,Store B
T1204,C039,P047,1,2023-07-20 12:00:00,Store B
T1205,C074,P015,1,2023-07-20 16:00:00,Store C
T1206,C086,P004,1,2023-07-20 20:00:00,Store C
T1207,C027,P029,1,2023-07-21 00:00:00,Store B
T1208,C077,P009,4,2023-07-21 04:00:00,Store A
T1209,C049,P027,4,2023-07-21 08:00:00,Store A
T1210,C099,P026,1,2023-07-21 12:00:00,Store B
T1211,C071,P019,1,2023-07-21 16:00:00,Store C
T1212,C091,P028,1,2023-07-21 20:00:00,Store A
T1213,C076,P017,1,2023-07-22 00:00:00,Store C
T1214,C013,P043,4,2023-07-22 04:00:00,Store A
T1215,C082,P041,1,2023-07-22 08:00:00,Store B
T1216,C098,P042,3,2023-07-22 12:00:00,Store C
T1217,C080,P050,1,2023-07-22 16:00:00,Store A
T1218,C092,P020,5,2023-07-22 20:00:00,Store B
T1219,C095,P045,1,2023-07-23 00:00:00,Store B
T1220,C046,P040,3,2023-07-23 04:00:00,Store B
T1221,C044,P039,1,2023-07-23 08:00:00,Store C
T1222,C080,P049,2,2023-07-23 12:00:00,Store C
T1223,C065,P023,1,2023-07-23 16:00:00,Store B
T1224,C093,P047,1,2023-07-23 20:00:00,Store C
T1225,C096,P032,4,2023-07-24 00:00:00,Store A
T1226,C060,P047,4,2023-07-24 04:00:00,Store B
T1227,C047,P033,3,2023-07-24 08:00:00,Store B
T1228,C090,P046,2,2023-07-24 12:00:00,Store C
T1229,C051,P005,3,2023-07-24 16:00:00,Store B
T1230,C092,P043,1,2023-07-24 20:00:00,Store A
T1231,C066,P048,1,2023-07-25 00:00:00,Store C
T1232,C084,P034,1,2023-07-25 04:00:00,Store C
T1233,C025,P040,2,2023-07-25 08:00:00,Store B
T1234,C081,P011,1,2023-07-25 12:00:00,Store B
T1235,C069,P050,1,2023-07-25 16:00:00,Store B
T1236,C079,P003,2,2023-07-25 20:00:00,Store C
T1237,C037,P033,3,2023-07-26 00:00:00,Store B
T1238,C088,P011,1,2023-07-26 04:00:00,Store A
T1239,C094,P016,1,2023-07-26 08:00:00,Store B
T1240,C044,P018,1,2023-07-26 12:00:00,Store B
T1241,C025,P030,1,2023-07-26 16:00:00,Store C
T1242,C008,P048,1,2023-07-26 20:00:00,Store B
T1243,C082,P010,2,2023-07-27 00:00:00,Store C
T1244,C080,P018,2,2023-07-27 04:00:00,Store B
T1245,C076,P038,2,2023-07-27 08:00:00,Store A
T1246,C046,P019,1,2023-07-27 12:00:00,Store A
T1247,C063,P036,3,2023-07-27 16:00:00,Store C
T1248,C079,P013,1,2023-07-27 20:00:00,Store C
T1249,C072,P046,1,2023-07-28 00:00:00,Store B
T1250,C100,P003,3,2023-07-28 04:00:00,Store B
T1251,C032,P010,1,2023-07-28 08:00:00,Store A
T1252,C085,P038,1,2023-07-28 12:00:00,Store B
T1253,C065,P001,3,2023-07-28 16:00:00,Store A
T1254,C067,P027,1,2023-07-28 20:00:00,Store C
T1255,C087,P046,2,2023-07-29 00:00:00,Store B
T1256,C085,P008,1,2023-07-29 04:00:00,Store C
T1257,C100,P046,2,2023-07-29 08:00:00,Store B
T1258,C031,P042,1,2023-07-29 12:00:00,Store A
T1259,C026,P017,1,2023-07-29 16:00:00,Store C
T1260,C087,P009,2,2023-07-29 20:00:00,Store C
T1261,C078,P006,1,2023-07-30 00:00:00,Store B
T1262,C051,P043,1,2023-07-30 04:00:00,Store C
T1263,C021,P025,1,2023-07-30 08:00:00,Store A
T1264,C023,P039,1,2023-07-30 12:00:00,Store C
T1265,C096,P049,1,2023-07-30 16:00:00,Store C
T1266,C041,P028,1,2023-07-30 20:00:00,Store B
T1267,C057,P033,4,2023-07-31 00:00:00,Store C
T1268,C046,P037,1,2023-07-31 04:00:00,Store B
T1269,C060,P009,1,2023-07-31 08:00:00,Store B
T1270,C019,P018,1,2023-07-31 12:00:00,Store C
T1271,C074,P021,1,2023-07-31 16:00:00,Store A
T1272,C019,P002,4,2023-07-31 20:00:00,Store B
T1273,C091,P043,1,2023-08-01 00:00:00,Store C
T1274,C046,P038,4,2023-08-01 04:00:00,Store B
T1275,C075,P040,1,2023-08-01 08:00:00,Store A
T1276,C095,P036,2,2023-08-01 12:00:00,Store A
T1277,C083,P050,2,2023-08-01 16:00:00,Store B
T1278,C075,P043,3,2023-08-01 20:00:00,Store A
T1279,C057,P037,2,2023-08-02 00:00:00,Store C
T1280,C058,P015,2,2023-08-02 04:00:00,Store C
T1281,C084,P028,1,2023-08-02 08:00:00,Store B
T1282,C100,P018,1,2023-08-02 12:00:00,Store A
T1283,C083,P034,4,2023-08-02 16:00:00,Store C
T1284,C077,P022,1,2023-08-02 20:00:00,Store C
T1285,C087,P011,1,2023-08-03 00:00:00,Store C
T1286,C070,P013,3,2023-08-03 04:00:00,Store B
T1287,C017,P004,1,2023-08-03 08:00:00,Store B
T1288,C077,P022,4,2023-08-03 12:00:00,Store C
T1289,C099,P007,2,2023-08-03 16:00:00,Store C
T1290,C038,P043,2,2023-08-03 20:00:00,Store A
T1291,C085,P024,3,2023-08-04 00:00:00,Store A
T1292,C042,P004,1,2023-08-04 04:00:00,Store A
T1293,C075,P028,1,2023-08-04 08:00:00,Store B
T1294,C025,P015,1,2023-08-04 12:00:00,Store C
T1295,C068,P001,1,2023-08-04 16:00:00,Store B
T1296,C089,P003,2,2023-08-04 20:00:00,Store C
T1297,C059,P014,4,2023-08-05 00:00:00,Store A
T1298,C084,P038,1,2023-08-05 04:00:00,Store A
T1299,C091,P050,1,2023-08-05 08:00:00,Store A
T1300,C097,P001,4,2023-08-05 12:00:00,Store A
T1301,C047,P038,1,2023-08-05 16:00:00,Store C
T1302,C064,P038,1,2023-08-05 20:00:00,Store A
T1303,C035,P021,1,2023-08-06 00:00:00,Store C
T1304,C100,P048,4,2023-08-06 04:00:00,Store C
T1305,C097,P029,2,2023-08-06 08:00:00,Store B
T1306,C075,P005,3,2023-08-06 12:00:00,Store A
T1307,C093,P049,3,2023-08-06 16:00:00,Store A
T1308,C074,P010,1,2023-08-06 20:00:00,Store B
T1309,C081,P028,1,2023-08-07 00:00:00,Store C
T1310,C023,P021,3,2023-08-07 04:00:00,Store A
T1311,C089,P050,1,2023-08-07 08:00:00,Store C
T1312,C031,P007,3,2023-08-07 12:00:00,Store B
T1313,C092,P003,4,2023-08-07 16:00:00,Store C
T1314,C090,P045,2,2023-08-07 20:00:00,Store A
T1315,C086,P047,2,2023-08-08 00:00:00,Store C
T1316,C011,P020,3,2023-08-08 04:00:00,Store C
T1317,C055,P019,3,2023-08-08 08:00:00,Store A
T1318,C050,P035,1,2023-08-08 12:00:00,Store A
T1319,C060,P004,1,2023-08-08 16:00:00,Store C
T1320,C023,P005,1,2023-08-08 20:00:00,Store C
T1321,C098,P001,2,2023-08-09 00:00:00,Store B
T1322,C076,P004,1,2023-08-09 04:00:00,Store A
T1323,C055,P012,2,2023-08-09 08:00:00,Store C
T1324,C064,P027,1,2023-08-09 12:00:00,Store A
T1325,C068,P042,2,2023-08-09 16:00:00,Store B
T1326,C079,P023,1,2023-08-09 20:00:00,Store C
T1327,C074,P025,2,2023-08-10 00:00:00,Store C
T1328,C097,P021,2,2023-08-10 04:00:00,Store C
T1329,C072,P024,1,2023-08-10 08:00:00,Store A
T1330,C100,P025,1,2023-08-10 12:00:00,Store B
T1331,C094,P045,2,2023-08-10 16:00:00,Store A
T1332,C043,P046,1,2023-08-10 20:00:00,Store C
T1333,C097,P032,1,2023-08-11 00:00:00,Store B
T1334,C029,P032,4,2023-08-11 04:00:00,Store C
T1335,C092,P005,2,2023-08-11 08:00:00,Store C
T1336,C062,P036,4,2023-08-11 12:00:00,Store A
T1337,C095,P046,1,2023-08-11 16:00:00,Store C
T1338,C094,P042,1,2023-08-11 20:00:00,Store B
T1339,C091,P049,3,2023-08-12 00:00:00,Store C
T1340,C091,P042,2,2023-08-12 04:00:00,Store C
T1341,C055,P039,2,2023-08-12 08:00:00,Store A
T1342,C022,P016,1,2023-08-12 12:00:00,Store B
T1343,C064,P033,1,2023-08-12 16:00:00,Store A
T1344,C038,P049,1,2023-08-12 20:00:00,Store C
T1345,C085,P021,1,2023-08-13 00:00:00,Store A
T1346,C059,P009,1,2023-08-13 04:00:00,Store A
T1347,C099,P006,1,2023-08-13 08:00:00,Store A
T1348,C082,P045,5,2023-08-13 12:00:00,Store A
T1349,C092,P035,1,2023-08-13 16:00:00,Store C
T1350,C031,P039,2,2023-08-13 20:00:00,Store C
T1351,C094,P022,3,2023-08-14 00:00:00,Store B
T1352,C097,P041,2,2023-08-14 04:00:00,Store A
T1353,C071,P005,1,2023-08-14 08:00:00,Store A
T1354,C080,P042,2,2023-08-14 12:00:00,Store B
T1355,C089,P023,2,2023-08-14 16:00:00,Store A
T1356,C038,P017,2,2023-08-14 20:00:00,Store B
T1357,C073,P012,3,2023-08-15 00:00:00,Store C
T1358,C064,P023,5,2023-08-15 04:00:00,Store B
T1359,C034,P016,2,2023-08-15 08:00:00,Store A
T1360,C061,P003,1,2023-08-15 12:00:00,Store B
T1361,C019,P030,2,2023-08-15 16:00:00,Store C
T1362,C008,P022,1,2023-08-15 20:00:00,Store A
T1363,C032,P009,3,2023-08-16 00:00:00,Store C
T1364,C099,P029,1,2023-08-16 04:00:00,Store C
T1365,C076,P047,1,2023-08-16 08:00:00,Store B
T1366,C099,P037,3,2023-08-16 12:00:00,Store C
T1367,C067,P023,2,2023-08-16 16:00:00,Store A
T1368,C056,P013,1,2023-08-16 20:00:00,Store C
T1369,C073,P032,1,2023-08-17 00:00:00,Store C
T1370,C068,P046,3,2023-08-17 04:00:00,Store B
T1371,C027,P047,1,2023-08-17 08:00:00,Store C
T1372,C082,P048,3,2023-08-17 12:00:00,Store B
T1373,C044,P023,1,2023-08-17 16:00:00,Store B
T1374,C081,P045,3,2023-08-17 20:00:00,Store A
T1375,C083,P017,3,2023-08-18 00:00:00,Store A
T1376,C035,P040,1,2023-08-18 04:00:00,Store A
T1377,C017,P021,1,2023-08-18 08:00:00,Store A
T1378,C090,P002,1,2023-08-18 12:00:00,Store B
T1379,C069,P037,2,2023-08-18 16:00:00,Store C
T1380,C016,P006,2,2023-08-18 20:00:00,Store A
T1381,C100,P044,2,2023-08-19 00:00:00,Store A
T1382,C016,P018,1,2023-08-19 04:00:00,Store A
T1383,C085,P030,1,2023-08-19 08:00:00,Store C
T1384,C100,P022,1,2023-08-19 12:00:00,Store A
T1385,C047,P033,1,2023-08-19 16:00:00,Store C
T1386,C033,P030,2,2023-08-19 20:00:00,Store B
T1387,C029,P017,3,2023-08-20 00:00:00,Store B
T1388,C055,P043,2,2023-08-20 04:00:00,Store B
T1389,C026,P032,1,2023-08-20 08:00:00,Store C
T1390,C085,P042,4,2023-08-20 12:00:00,Store A
T1391,C017,P014,2,2023-08-20 16:00:00,Store A
T1392,C073,P010,4,2023-08-20 20:00:00,Store A
T1393,C100,P047,2,2023-08-21 00:00:00,Store A
T1394,C092,P036,1,2023-08-21 04:00:00,Store A
T1395,C080,P034,1,2023-08-21 08:00:00,Store C
T1396,C055,P009,2,2023-08-21 12:00:00,Store B
T1397,C081,P042,1,2023-08-21 16:00:00,Store A
T1398,C074,P028,1,2023-08-21 20:00:00,Store B
T1399,C066,P011,2,2023-08-22 00:00:00,Store C
T1400,C031,P014,2,2023-08-22 04:00:00,Store C
T1401,C095,P039,2,2023-08-22 08:00:00,Store A
T1402,C068,P047,1,2023-08-22 12:00:00,Store C
T1403,C041,P019,1,2023-08-22 16:00:00,Store B
T1404,C061,P015,2,2023-08-22 20:00:00,Store A
T1405,C065,P028,4,2023-08-23 00:00:00,Store A
T1406,C092,P024,2,2023-08-23 04:00:00,Store B
T1407,C087,P008,4,2023-08-23 08:00:00,Store A
T1408,C089,P043,3,2023-08-23 12:00:00,Store A
T1409,C004,P009,2,2023-08-23 16:00:00,Store B
T1410,C066,P047,1,2023-08-23 20:00:00,Store A
T1411,C071,P033,2,2023-08-24 00:00:00,Store A
T1412,C006,P033,2,2023-08-24 04:00:00,Store B
T1413,C050,P019,2,2023-08-24 08:00:00,Store C
T1414,C089,P003,1,2023-08-24 12:00:00,Store B
T1415,C032,P010,2,2023-08-24 16:00:00,Store A
T1416,C075,P040,1,2023-08-24 20:00:00,Store B
T1417,C044,P047,2,2023-08-25 00:00:00,Store A
T1418,C004,P042,1,2023-08-25 04:00:00,Store A
T1419,C047,P001,3,2023-08-25 08:00:00,Store B
T1420,C099,P029,1,2023-08-25 12:00:00,Store A
T1421,C091,P050,1,2023-08-25 16:00:00,Store C
T1422,C099,P034,1,2023-08-25 20:00:00,Store A
T1423,C071,P013,2,2023-08-26 00:00:00,Store B
T1424,C027,P001,1,2023-08-26 04:00:00,Store C
T1425,C076,P034,1,2023-08-26 08:00:00,Store C
T1426,C069,P029,2,2023-08-26 12:00:00,Store A
T1427,C093,P048,1,2023-08-26 16:00:00,Store B
T1428,C025,P047,4,2023-08-26 20:00:00,Store A
T1429,C071,P013,4,2023-08-27 00:00:00,Store A
T1430,C034,P048,2,2023-08-27 04:00:00,Store B
T1431,C057,P049,1,2023-08-27 08:00:00,Store B
T1432,C088,P029,2,2023-08-27 12:00:00,Store A
T1433,C071,P039,1,2023-08-27 16:00:00,Store C
T1434,C062,P024,1,2023-08-27 20:00:00,Store A
T1435,C064,P026,1,2023-08-28 00:00:00,Store C
T1436,C069,P017,4,2023-08-28 04:00:00,Store A
T1437,C090,P007,1,2023-08-28 08:00:00,Store B
T1438,C096,P013,2,2023-08-28 12:00:00,Store C
T1439,C099,P005,2,2023-08-28 16:00:00,Store B
T1440,C090,P026,1,2023-08-28 20:00:00,Store B
T1441,C056,P049,1,2023-08-29 00:00:00,Store B
T1442,C085,P003,5,2023-08-29 04:00:00,Store B
T1443,C067,P007,2,2023-08-29 08:00:00,Store B
T1444,C049,P049,2,2023-08-29 12:00:00,Store A
T1445,C093,P039,1,2023-08-29 16:00:00,Store C
T1446,C012,P001,1,2023-08-29 20:00:00,Store A
T1447,C096,P049,1,2023-08-30 00:00:00,Store A
T1448,C069,P017,1,2023-08-30 04:00:00,Store A
T1449,C082,P043,1,2023-08-30 08:00:00,Store B
T1450,C083,P025,3,2023-08-30 12:00:00,Store A
T1451,C096,P003,1,2023-08-30 16:00:00,Store C
T1452,C082,P015,1,2023-08-30 20:00:00,Store A
T1453,C080,P029,2,2023-08-31 00:00:00,Store B
T1454,C018,P043,3,2023-08-31 04:00:00,Store C
T1455,C074,P032,1,2023-08-31 08:00:00,Store C
T1456,C034,P026,2,2023-08-31 12:00:00,Store C
T1457,C088,P016,1,2023-08-31 16:00:00,Store C
T1458,C073,P025,1,2023-08-31 20:00:00,Store A
T1459,C084,P028,1,2023-09-01 00:00:00,Store B
T1460,C012,P009,3,2023-09-01 04:00:00,Store C
T1461,C022,P001,1,2023-09-01 08:00:00,Store C
T1462,C087,P029,1,2023-09-01 12:00:00,Store B
T1463,C020,P022,1,2023-09-01 16:00:00,Store A
T1464,C019,P016,3,2023-09-01 20:00:00,Store C
T1465,C004,P041,1,2023-09-02 00:00:00,Store A
T1466,C099,P044,1,2023-09-02 04:00:00,Store A
T1467,C088,P041,1,2023-09-02 08:00:00,Store A
T1468,C060,P007,1,2023-09-02 12:00:00,Store A
T1469,C054,P014,2,2023-09-02 16:00:00,Store C
T1470,C059,P029,2,2023-09-02 20:00:00,Store C
T1471,C090,P019,1,2023-09-03 00:00:00,Store A
T1472,C083,P019,1,2023-09-03 04:00:00,Store A
T1473,C040,P002,1,2023-09-03 08:00:00,Store B
T1474,C038,P041,1,2023-09-03 12:00:00,Store B
T1475,C025,P045,1,2023-09-03 16:00:00,Store B
T1476,C083,P015,3,2023-09-03 20:00:00,Store C
T1477,C089,P003,4,2023-09-04 00:00:00,Store B
T1478,C050,P011,5,2023-09-04 04:00:00,Store C
T1479,C007,P046,3,2023-09-04 08:00:00,Store C
T1480,C022,P030,2,2023-09-04 12:00:00,Store C
T1481,C099,P040,2,2023-09-04 16:00:00,Store C
T1482,C054,P018,1,2023-09-04 20:00:00,Store B
T1483,C089,P048,2,2023-09-05 00:00:00,Store A
T1484,C081,P002,1,2023-09-05 04:00:00,Store A
T1485,C062,P032,1,2023-09-05 08:00:00,Store A
T1486,C043,P008,3,2023-09-05 12:00:00,Store B
T1487,C029,P022,1,2023-09-05 16:00:00,Store A
T1488,C080,P006,1,2023-09-05 20:00:00,Store B
T1489,C090,P012,4,2023-09-06 00:00:00,Store B
T1490,C082,P047,1,2023-09-06 04:00:00,Store B
T1491,C075,P040,1,2023-09-06 08:00:00,Store A
T1492,C013,P036,4,2023-09-06 12:00:00,Store A
T1493,C099,P015,2,2023-09-06 16:00:00,Store A
T1494,C091,P028,2,2023-09-06 20:00:00,Store C
T1495,C053,P049,1,2023-09-07 00:00:00,Store B
T1496,C100,P045,1,2023-09-07 04:00:00,Store C
T1497,C080,P018,3,2023-09-07 08:00:00,Store B
T1498,C078,P002,2,2023-09-07 12:00:00,Store A
T1499,C088,P013,2,2023-09-07 16:00:00,Store B
T1500,C092,P045,1,2023-09-07 20:00:00,Store B
T1501,C083,P015,1,2023-09-08 00:00:00,Store C
T1502,C031,P020,4,2023-09-08 04:00:00,Store B
T1503,C058,P029,1,2023-09-08 08:00:00,Store A
T1504,C097,P042,2,2023-09-08 12:00:00,Store B
T1505,C045,P029,1,2023-09-08 16:00:00,Store B
T1506,C062,P003,2,2023-09-08 20:00:00,Store B
T1507,C067,P019,4,2023-09-09 00:00:00,Store C
T1508,C068,P003,2,2023-09-09 04:00:00,Store B
T1509,C080,P014,1,2023-09-09 08:00:00,Store B
T1510,C098,P040,2,2023-09-09 12:00:00,Store C
T1511,C047,P004,3,2023-09-09 16:00:00,Store C
T1512,C029,P011,1,2023-09-09 20:00:00,Store C
T1513,C042,P031,3,2023-09-10 00:00:00,Store C
T1514,C095,P043,2,2023-09-10 04:00:00,Store A
T1515,C082,P032,3,2023-09-10 08:00:00,Store A
T1516,C053,P027,2,2023-09-10 12:00:00,Store B
T1517,C092,P030,1,2023-09-10 16:00:00,Store A
T1518,C094,P043,1,2023-09-10 20:00:00,Store B
T1519,C093,P002,1,2023-09-11 00:00:00,Store A
T1520,C097,P049,4,2023-09-11 04:00:00,Store C
T1521,C049,P009,3,2023-09-11 08:00:00,Store C
T1522,C089,P028,2,2023-09-11 12:00:00,Store A
T1523,C069,P031,1,2023-09-11 16:00:00,Store A
T1524,C093,P034,1,2023-09-11 20:00:00,Store B
T1525,C087,P015,3,2023-09-12 00:00:00,Store B
T1526,C090,P048,1,2023-09-12 04:00:00,Store B
T1527,C083,P025,1,2023-09-12 08:00:00,Store C
T1528,C039,P036,2,2023-09-12 12:00:00,Store C
T1529,C076,P008,1,2023-09-12 16:00:00,Store C
T1530,C100,P009,1,2023-09-12 20:00:00,Store C
T1531,C098,P037,1,2023-09-13 00:00:00,Store B
T1532,C013,P048,1,2023-09-13 04:00:00,Store C
T1533,C037,P045,5,2023-09-13 08:00:00,Store C
T1534,C031,P039,1,2023-09-13 12:00:00,Store C
T1535,C087,P032,1,2023-09-13 16:00:00,Store C
T1536,C092,P017,1,2023-09-13 20:00:00,Store A
T1537,C044,P035,3,2023-09-14 00:00:00,Store B
T1538,C073,P037,1,2023-09-14 04:00:00,Store B
T1539,C093,P019,2,2023-09-14 08:00:00,Store C
T1540,C087,P044,1,2023-09-14 12:00:00,Store A
T1541,C075,P029,1,2023-09-14 16:00:00,Store B
T1542,C079,P007,1,2023-09-14 20:00:00,Store B
T1543,C073,P028,3,2023-09-15 00:00:00,Store C
T1544,C054,P009,3,2023-09-15 04:00:00,Store C
T1545,C077,P028,1,2023-09-15 08:00:00,Store B
T1546,C085,P006,2,2023-09-15 12:00:00,Store B
T1547,C095,P029,4,2023-09-15 16:00:00,Store A
T1548,C082,P017,1,2023-09-15 20:00:00,Store B
T1549,C089,P016,3,2023-09-16 00:00:00,Store B
T1550,C036,P023,1,2023-09-16 04:00:00,Store C
T1551,C069,P031,4,2023-09-16 08:00:00,Store B
T1552,C003,P003,3,2023-09-16 12:00:00,Store C
T1553,C048,P021,4,2023-09-16 16:00:00,Store B
T1554,C087,P026,2,2023-09-16 20:00:00,Store B
T1555,C100,P036,1,2023-09-17 00:00:00,Store B
T1556,C025,P042,4,2023-09-17 04:00:00,Store A
T1557,C064,P037,1,2023-09-17 08:00:00,Store C
T1558,C091,P022,1,2023-09-17 12:00:00,Store A
T1559,C042,P042,2,2023-09-17 16:00:00,Store B
T1560,C076,P012,3,2023-09-17 20:00:00,Store A
T1561,C087,P042,4,2023-09-18 00:00:00,Store C
T1562,C080,P013,1,2023-09-18 04:00:00,Store B
T1563,C040,P011,3,2023-09-18 08:00:00,Store A
T1564,C060,P016,2,2023-09-18 12:00:00,Store A
T1565,C090,P008,1,2023-09-18 16:00:00,Store C
T1566,C076,P040,1,2023-09-18 20:00:00,Store A
T1567,C002,P040,1,2023-09-19 00:00:00,Store C
T1568,C089,P045,1,2023-09-19 04:00:00,Store B
T1569,C011,P002,5,2023-09-19 08:00:00,Store B
T1570,C088,P030,2,2023-09-19 12:00:00,Store A
T1571,C042,P030,2,2023-09-19 16:00:00,Store B
T1572,C099,P012,5,2023-09-19 20:00:00,Store B
T1573,C061,P010,1,2023-09-20 00:00:00,Store A
T1574,C057,P044,3,2023-09-20 04:00:00,Store B
T1575,C034,P011,1,2023-09-20 08:00:00,Store A
T1576,C055,P015,3,2023-09-20 12:00:00,Store C
T1577,C095,P016,1,2023-09-20 16:00:00,Store C
T1578,C100,P017,4,2023-09-20 20:00:00,Store C
T1579,C061,P026,1,2023-09-21 00:00:00,Store A
T1580,C068,P002,1,2023-09-21 04:00:00,Store A
T1581,C087,P050,3,2023-09-21 08:00:00,Store B
T1582,C095,P012,1,2023-09-21 12:00:00,Store B
T1583,C079,P026,2,2023-09-21 16:00:00,Store B
T1584,C063,P023,1,2023-09-21 20:00:00,Store B
T1585,C065,P018,2,2023-09-22 00:00:00,Store B
T1586,C085,P032,1,2023-09-22 04:00:00,Store A
T1587,C002,P049,1,2023-09-22 08:00:00,Store A
T1588,C081,P038,1,2023-09-22 12:00:00,Store C
T1589,C060,P047,1,2023-09-22 16:00:00,Store C
T1590,C091,P003,1,2023-09-22 20:00:00,Store C
T1591,C024,P038,1,2023-09-23 00:00:00,Store C
T1592,C079,P003,1,2023-09-23 04:00:00,Store A
T1593,C071,P030,1,2023-09-23 08:00:00,Store A
T1594,C082,P001,2,2023-09-23 12:00:00,Store A
T1595,C018,P030,3,2023-09-23 16:00:00,Store B
T1596,C078,P045,1,2023-09-23 20:00:00,Store B
T1597,C077,P032,2,2023-09-24 00:00:00,Store C
T1598,C077,P028,2,2023-09-24 04:00:00,Store B
T1599,C080,P021,1,2023-09-24 08:00:00,Store A
T1600,C084,P046,2,2023-09-24 12:00:00,Store C
T1601,C091,P013,1,2023-09-24 16:00:00,Store C
T1602,C051,P027,2,2023-09-24 20:00:00,Store B
T1603,C092,P036,1,2023-09-25 00:00:00,Store C
T1604,C072,P007,2,2023-09-25 04:00:00,Store B
T1605,C021,P022,2,2023-09-25 08:00:00,Store B
T1606,C017,P010,1,2023-09-25 12:00:00,Store C
T1607,C058,P039,1,2023-09-25 16:00:00,Store B
T1608,C090,P015,5,2023-09-25 20:00:00,Store B
T1609,C086,P015,1,2023-09-26 00:00:00,Store B
T1610,C090,P004,2,2023-09-26 04:00:00,Store B
T1611,C074,P032,4,2023-09-26 08:00:00,Store C
T1612,C068,P023,2,2023-09-26 12:00:00,Store A
T1613,C034,P006,2,2023-09-26 16:00:00,Store A
T1614,C057,P024,3,2023-09-26 20:00:00,Store B
T1615,C067,P020,3,2023-09-27 00:00:00,Store B
T1616,C023,P037,1,2023-09-27 04:00:00,Store B
T1617,C045,P020,1,2023-09-27 08:00:00,Store A
T1618,C079,P012,1,2023-09-27 12:00:00,Store B
T1619,C088,P033,4,2023-09-27 16:00:00,Store C
T1620,C100,P028,2,2023-09-27 20:00:00,Store C
T1621,C098,P008,1,2023-09-28 00:00:00,Store C
T1622,C082,P001,3,2023-09-28 04:00:00,Store A
T1623,C066,P037,1,2023-09-28 08:00:00,Store B
T1624,C082,P022,1,2023-09-28 12:00:00,Store B
T1625,C090,P006,2,2023-09-28 16:00:00,Store B
T1626,C029,P021,1,2023-09-28 20:00:00,Store A
T1627,C065,P032,3,2023-09-29 00:00:00,Store A
T1628,C093,P035,1,2023-09-29 04:00:00,Store A
T1629,C063,P015,3,2023-09-29 08:00:00,Store A
T1630,C078,P005,2,2023-09-29 12:00:00,Store C
T1631,C079,P046,1,2023-09-29 16:00:00,Store A
T1632,C040,P050,5,2023-09-29 20:00:00,Store A
T1633,C061,P048,2,2023-09-30 00:00:00,Store A
T1634,C058,P006,1,2023-09-30 04:00:00,Store B
T1635,C008,P025,1,2023-09-30 08:00:00,Store B
T1636,C008,P046,3,2023-09-30 12:00:00,Store B
T1637,C093,P040,1,2023-09-30 16:00:00,Store C
T1638,C051,P029,1,2023-09-30 20:00:00,Store C
T1639,C074,P007,1,2023-10-01 00:00:00,Store A
T1640,C054,P040,1,2023-10-01 04:00:00,Store B
T1641,C098,P013,3,2023-10-01 08:00:00,Store C
T1642,C050,P038,1,2023-10-01 12:00:00,Store B
T1643,C067,P018,1,2023-10-01 16:00:00,Store C
T1644,C095,P002,1,2023-10-01 20:00:00,Store C
T1645,C093,P008,1,2023-10-02 00:00:00,Store A
T1646,C040,P011,4,2023-10-02 04:00:00,Store A
T1647,C091,P033,1,2023-10-02 08:00:00,Store C
T1648,C069,P038,5,2023-10-02 12:00:00,Store A
T1649,C071,P048,1,2023-10-02 16:00:00,Store C
T1650,C032,P027,1,2023-10-02 20:00:00,Store C
T1651,C021,P020,3,2023-10-03 00:00:00,Store B
T1652,C087,P012,1,2023-10-03 04:00:00,Store A
T1653,C072,P043,2,2023-10-03 08:00:00,Store A
T1654,C067,P031,5,2023-10-03 12:00:00,Store A
T1655,C087,P027,1,2023-10-03 16:00:00,Store B
T1656,C089,P032,1,2023-10-03 20:00:00,Store B
T1657,C036,P010,2,2023-10-04 00:00:00,Store B
T1658,C080,P003,1,2023-10-04 04:00:00,Store A
T1659,C032,P045,1,2023-10-04 08:00:00,Store A
T1660,C088,P027,1,2023-10-04 12:00:00,Store A
T1661,C083,P035,1,2023-10-04 16:00:00,Store B
T1662,C099,P031,3,2023-10-04 20:00:00,Store B
T1663,C019,P015,1,2023-10-05 00:00:00,Store C
T1664,C016,P016,1,2023-10-05 04:00:00,Store B
T1665,C052,P013,2,2023-10-05 08:00:00,Store C
T1666,C050,P049,1,2023-10-05 12:00:00,Store A
T1667,C048,P035,1,2023-10-05 16:00:00,Store B
T1668,C096,P011,3,2023-10-05 20:00:00,Store A
T1669,C048,P021,1,2023-10-06 00:00:00,Store A
T1670,C051,P011,3,2023-10-06 04:00:00,Store A
T1671,C089,P030,3,2023-10-06 08:00:00,Store A
T1672,C068,P048,1,2023-10-06 12:00:00,Store B
T1673,C090,P035,2,2023-10-06 16:00:00,Store A
T1674,C018,P022,1,2023-10-06 20:00:00,Store C
T1675,C071,P038,1,2023-10-07 00:00:00,Store B
T1676,C010,P031,3,2023-10-07 04:00:00,Store A
T1677,C017,P014,3,2023-10-07 08:00:00,Store B
T1678,C096,P024,1,2023-10-07 12:00:00,Store C
T1679,C033,P050,2,2023-10-07 16:00:00,Store A
T1680,C075,P049,4,2023-10-07 20:00:00,Store C
T1681,C065,P032,4,2023-10-08 00:00:00,Store A
T1682,C059,P036,2,2023-10-08 04:00:00,Store C
T1683,C096,P032,1,2023-10-08 08:00:00,Store A
T1684,C007,P015,1,2023-10-08 12:00:00,Store B
T1685,C083,P043,4,2023-10-08 16:00:00,Store A
T1686,C099,P035,1,2023-10-08 20:00:00,Store B
T1687,C077,P003,2,2023-10-09 00:00:00,Store A
T1688,C098,P016,1,2023-10-09 04:00:00,Store A
T1689,C015,P005,1,2023-10-09 08:00:00,Store C
T1690,C066,P021,1,2023-10-09 12:00:00,Store C
T1691,C050,P010,5,2023-10-09 16:00:00,Store C
T1692,C087,P019,1,2023-10-09 20:00:00,Store A
T1693,C100,P025,2,2023-10-10 00:00:00,Store A
T1694,C049,P004,1,2023-10-10 04:00:00,Store A
T1695,C083,P029,1,2023-10-10 08:00:00,Store B
T1696,C042,P019,1,2023-10-10 12:00:00,Store B
T1697,C077,P043,2,2023-10-10 16:00:00,Store A
T1698,C070,P002,1,2023-10-10 20:00:00,Store C
T1699,C099,P010,1,2023-10-11 00:00:00,Store C
T1700,C080,P043,1,2023-10-11 04:00:00,Store C
T1701,C059,P025,1,2023-10-11 08:00:00,Store A
T1702,C028,P020,4,2023-10-11 12:00:00,Store C
T1703,C035,P048,4,2023-10-11 16:00:00,Store A
T1704,C045,P019,1,2023-10-11 20:00:00,Store B
T1705,C049,P023,2,2023-10-12 00:00:00,Store C
T1706,C094,P024,4,2023-10-12 04:00:00,Store B
T1707,C077,P011,1,2023-10-12 08:00:00,Store C
T1708,C074,P046,3,2023-10-12 12:00:00,Store A
T1709,C028,P034,4,2023-10-12 16:00:00,Store A
T1710,C094,P028,1,2023-10-12 20:00:00,Store A
T1711,C087,P005,1,2023-10-13 00:00:00,Store A
T1712,C019,P005,4,2023-10-13 04:00:00,Store C
T1713,C086,P021,2,2023-10-13 08:00:00,Store B
T1714,C076,P012,1,2023-10-13 12:00:00,Store A
T1715,C022,P050,1,2023-10-13 16:00:00,Store C
T1716,C069,P004,1,2023-10-13 20:00:00,Store B
T1717,C071,P049,2,2023-10-14 00:00:00,Store A
T1718,C037,P042,2,2023-10-14 04:00:00,Store B
T1719,C098,P020,5,2023-10-14 08:00:00,Store A
T1720,C094,P038,1,2023-10-14 12:00:00,Store B
T1721,C084,P025,2,2023-10-14 16:00:00,Store B
T1722,C069,P014,2,2023-10-14 20:00:00,Store A
T1723,C065,P011,1,2023-10-15 00:00:00,Store C
T1724,C083,P032,1,2023-10-15 04:00:00,Store B
T1725,C076,P011,5,2023-10-15 08:00:00,Store A
T1726,C017,P018,3,2023-10-15 12:00:00,Store B
T1727,C073,P027,1,2023-10-15 16:00:00,Store B
T1728,C091,P018,2,2023-10-15 20:00:00,Store C
T1729,C069,P023,1,2023-10-16 00:00:00,Store B
T1730,C015,P011,2,2023-10-16 04:00:00,Store B
T1731,C090,P021,2,2023-10-16 08:00:00,Store A
T1732,C042,P044,2,2023-10-16 12:00:00,Store A
T1733,C050,P005,5,2023-10-16 16:00:00,Store C
T1734,C037,P023,2,2023-10-16 20:00:00,Store B
T1735,C057,P041,1,2023-10-17 00:00:00,Store B
T1736,C089,P025,3,2023-10-17 04:00:00,Store B
T1737,C074,P041,1,2023-10-17 08:00:00,Store C
T1738,C043,P010,1,2023-10-17 12:00:00,Store B
T1739,C095,P022,1,2023-10-17 16:00:00,Store A
T1740,C095,P019,1,2023-10-17 20:00:00,Store C
T1741,C095,P001,3,2023-10-18 00:00:00,Store A
T1742,C047,P007,1,2023-10-18 04:00:00,Store A
T1743,C069,P004,3,2023-10-18 08:00:00,Store C
T1744,C100,P001,2,2023-10-18 12:00:00,Store A
T1745,C090,P015,1,2023-10-18 16:00:00,Store B
T1746,C009,P040,3,2023-10-18 20:00:00,Store C
T1747,C018,P012,1,2023-10-19 00:00:00,Store A
T1748,C070,P022,1,2023-10-19 04:00:00,Store B
T1749,C096,P022,2,2023-10-19 08:00:00,Store B
T1750,C075,P050,1,2023-10-19 12:00:00,Store A
T1751,C072,P047,1,2023-10-19 16:00:00,Store B
T1752,C026,P017,2,2023-10-19 20:00:00,Store C
T1753,C083,P029,2,2023-10-20 00:00:00,Store A
T1754,C092,P046,1,2023-10-20 04:00:00,Store B
T1755,C062,P014,4,2023-10-20 08:00:00,Store B
T1756,C090,P050,2,2023-10-20 12:00:00,Store A
T1757,C099,P020,3,2023-10-20 16:00:00,Store A
T1758,C042,P050,1,2023-10-20 20:00:00,Store A
T1759,C074,P048,2,2023-10-21 00:00:00,Store A
T1760,C053,P033,3,2023-10-21 04:00:00,Store C
T1761,C091,P043,2,2023-10-21 08:00:00,Store A
T1762,C078,P015,2,2023-10-21 12:00:00,Store C
T1763,C082,P012,1,2023-10-21 16:00:00,Store C
T1764,C091,P040,1,2023-10-21 20:00:00,Store A
T1765,C064,P020,1,2023-10-22 00:00:00,Store C
T1766,C097,P030,1,2023-10-22 04:00:00,Store A
T1767,C075,P038,3,2023-10-22 08:00:00,Store A
T1768,C036,P003,1,2023-10-22 12:00:00,Store B
T1769,C085,P028,4,2023-10-22 16:00:00,Store A
T1770,C091,P026,4,2023-10-22 20:00:00,Store B
T1771,C056,P030,1,2023-10-23 00:00:00,Store C
T1772,C094,P013,1,2023-10-23 04:00:00,Store B
T1773,C096,P013,3,2023-10-23 08:00:00,Store C
T1774,C052,P002,4,2023-10-23 12:00:00,Store A
T1775,C100,P037,1,2023-10-23 16:00:00,Store C
T1776,C033,P049,1,2023-10-23 20:00:00,Store C
T1777,C042,P038,2,2023-10-24 00:00:00,Store A
T1778,C040,P002,2,2023-10-24 04:00:00,Store C
T1779,C096,P036,1,2023-10-24 08:00:00,Store A
T1780,C083,P026,2,2023-10-24 12:00:00,Store B
T1781,C035,P011,1,2023-10-24 16:00:00,Store A
T1782,C068,P008,1,2023-10-24 20:00:00,Store A
T1783,C080,P044,1,2023-10-25 00:00:00,Store C
T1784,C022,P040,1,2023-10-25 04:00:00,Store B
T1785,C095,P043,1,2023-10-25 08:00:00,Store A
T1786,C091,P022,1,2023-10-25 12:00:00,Store B
T1787,C073,P020,1,2023-10-25 16:00:00,Store B
T1788,C099,P008,1,2023-10-25 20:00:00,Store C
T1789,C066,P029,1,2023-10-26 00:00:00,Store A
T1790,C100,P040,5,2023-10-26 04:00:00,Store C
T1791,C084,P026,1,2023-10-26 08:00:00,Store A
T1792,C082,P030,1,2023-10-26 12:00:00,Store B
T1793,C037,P017,2,2023-10-26 16:00:00,Store A
T1794,C095,P020,5,2023-10-26 20:00:00,Store A
T1795,C067,P016,1,2023-10-27 00:00:00,Store B
T1796,C036,P046,2,2023-10-27 04:00:00,Store B
T1797,C004,P043,2,2023-10-27 08:00:00,Store A
T1798,C077,P007,2,2023-10-27 12:00:00,Store C
T1799,C074,P016,1,2023-10-27 16:00:00,Store A
T1800,C087,P045,2,2023-10-27 20:00:00,Store B
T1801,C096,P047,1,2023-10-28 00:00:00,Store C
T1802,C021,P048,2,2023-10-28 04:00:00,Store B
T1803,C087,P027,2,2023-10-28 08:00:00,Store B
T1804,C040,P023,1,2023-10-28 12:00:00,Store C
T1805,C094,P024,3,2023-10-28 16:00:00,Store B
T1806,C092,P009,1,2023-10-28 20:00:00,Store B
T1807,C075,P035,3,2023-10-29 00:00:00,Store B
T1808,C086,P020,1,2023-10-29 04:00:00,Store B
T1809,C056,P037,1,2023-10-29 08:00:00,Store B
T1810,C070,P042,1,2023-10-29 12:00:00,Store B
T1811,C092,P017,4,2023-10-29 16:00:00,Store B
T1812,C069,P047,1,2023-10-29 20:00:00,Store B
T1813,C060,P031,1,2023-10-30 00:00:00,Store B
T1814,C072,P008,1,2023-10-30 04:00:00,Store A
T1815,C093,P015,2,2023-10-30 08:00:00,Store A
T1816,C058,P031,2,2023-10-30 12:00:00,Store B
T1817,C038,P030,1,2023-10-30 16:00:00,Store A
T1818,C086,P046,1,2023-10-30 20:00:00,Store C
T1819,C092,P020,1,2023-10-31 00:00:00,Store A
T1820,C026,P039,1,2023-10-31 04:00:00,Store B
T1821,C047,P012,1,2023-10-31 08:00:00,Store B
T1822,C033,P049,2,2023-10-31 12:00:00,Store A
T1823,C059,P017,1,2023-10-31 16:00:00,Store B
T1824,C068,P042,1,2023-10-31 20:00:00,Store C
T1825,C088,P030,1,2023-11-01 00:00:00,Store C
T1826,C083,P029,5,2023-11-01 04:00:00,Store B
T1827,C081,P019,4,2023-11-01 08:00:00,Store C
T1828,C060,P046,3,2023-11-01 12:00:00,Store C
T1829,C093,P011,1,2023-11-01 16:00:00,Store A
T1830,C070,P034,1,2023-11-01 20:00:00,Store C
T1831,C100,P050,1,2023-11-02 00:00:00,Store A
T1832,C082,P007,1,2023-11-02 04:00:00,Store B
T1833,C030,P044,2,2023-11-02 08:00:00,Store A
T1834,C084,P034,3,2023-11-02 12:00:00,Store B
T1835,C057,P020,3,2023-11-02 16:00:00,Store B
T1836,C085,P050,3,2023-11-02 20:00:00,Store B
T1837,C019,P038,1,2023-11-03 00:00:00,Store B
T1838,C038,P024,2,2023-11-03 04:00:00,Store B
T1839,C094,P010,1,2023-11-03 08:00:00,Store A
T1840,C046,P032,1,2023-11-03 12:00:00,Store B
T1841,C093,P015,2,2023-11-03 16:00:00,Store C
T1842,C052,P037,1,2023-11-03 20:00:00,Store C
T1843,C082,P020,1,2023-11-04 00:00:00,Store B
T1844,C085,P003,1,2023-11-04 04:00:00,Store C
T1845,C073,P037,2,2023-11-04 08:00:00,Store A
T1846,C055,P040,3,2023-11-04 12:00:00,Store A
T1847,C044,P008,1,2023-11-04 16:00:00,Store B
T1848,C010,P040,3,2023-11-04 20:00:00,Store B
T1849,C055,P044,1,2023-11-05 00:00:00,Store B
T1850,C083,P023,1,2023-11-05 04:00:00,Store C
T1851,C098,P040,2,2023-11-05 08:00:00,Store C
T1852,C095,P011,2,2023-11-05 12:00:00,Store A
T1853,C089,P046,5,2023-11-05 16:00:00,Store C
T1854,C090,P008,1,2023-11-05 20:00:00,Store A
T1855,C084,P029,2,2023-11-06 00:00:00,Store C
T1856,C050,P030,2,2023-11-06 04:00:00,Store A
T1857,C096,P010,4,2023-11-06 08:00:00,Store B
T1858,C084,P039,1,2023-11-06 12:00:00,Store C
T1859,C077,P028,3,2023-11-06 16:00:00,Store A
T1860,C028,P049,2,2023-11-06 20:00:00,Store C
T1861,C068,P036,1,2023-11-07 00:00:00,Store B
T1862,C069,P013,1,2023-11-07 04:00:00,Store A
T1863,C094,P032,1,2023-11-07 08:00:00,Store C
T1864,C076,P036,2,2023-11-07 12:00:00,Store C
T1865,C062,P037,3,2023-11-07 16:00:00,Store B
T1866,C099,P026,2,2023-11-07 20:00:00,Store B
T1867,C027,P022,2,2023-11-08 00:00:00,Store A
T1868,C066,P004,2,2023-11-08 04:00:00,Store C
T1869,C013,P031,1,2023-11-08 08:00:00,Store C
T1870,C088,P018,1,2023-11-08 12:00:00,Store B
T1871,C097,P038,1,2023-11-08 16:00:00,Store B
T1872,C052,P024,1,2023-11-08 20:00:00,Store A
T1873,C094,P023,1,2023-11-09 00:00:00,Store C
T1874,C053,P022,2,2023-11-09 04:00:00,Store C
T1875,C097,P002,1,2023-11-09 08:00:00,Store A
T1876,C089,P031,1,2023-11-09 12:00:00,Store A
T1877,C091,P011,1,2023-11-09 16:00:00,Store B
T1878,C006,P028,1,2023-11-09 20:00:00,Store B
T1879,C099,P046,4,2023-11-10 00:00:00,Store A
T1880,C087,P032,3,2023-11-10 04:00:00,Store A
T1881,C055,P005,2,2023-11-10 08:00:00,Store C
T1882,C093,P038,1,2023-11-10 12:00:00,Store A
T1883,C052,P010,3,2023-11-10 16:00:00,Store A
T1884,C095,P040,3,2023-11-10 20:00:00,Store C
T1885,C028,P046,3,2023-11-11 00:00:00,Store A
T1886,C086,P024,1,2023-11-11 04:00:00,Store B
T1887,C075,P035,2,2023-11-11 08:00:00,Store B
T1888,C025,P044,3,2023-11-11 12:00:00,Store C
T1889,C047,P048,2,2023-11-11 16:00:00,Store A
T1890,C004,P023,2,2023-11-11 20:00:00,Store B
T1891,C070,P017,1,2023-11-12 00:00:00,Store B
T1892,C054,P001,2,2023-11-12 04:00:00,Store B
T1893,C079,P031,1,2023-11-12 08:00:00,Store B
T1894,C054,P031,2,2023-11-12 12:00:00,Store A
T1895,C054,P042,1,2023-11-12 16:00:00,Store A
T1896,C088,P042,1,2023-11-12 20:00:00,Store A
T1897,C014,P034,1,2023-11-13 00:00:00,Store A
T1898,C096,P009,2,2023-11-13 04:00:00,Store B
T1899,C094,P022,1,2023-11-13 08:00:00,Store C
T1900,C084,P013,2,2023-11-13 12:00:00,Store C
T1901,C079,P025,3,2023-11-13 16:00:00,Store B
T1902,C096,P048,1,2023-11-13 20:00:00,Store B
T1903,C040,P018,1,2023-11-14 00:00:00,Store C
T1904,C021,P012,1,2023-11-14 04:00:00,Store C
T1905,C047,P040,3,2023-11-14 08:00:00,Store B
T1906,C091,P017,2,2023-11-14 12:00:00,Store B
T1907,C011,P015,1,2023-11-14 16:00:00,Store A
T1908,C078,P042,1,2023-11-14 20:00:00,Store A
T1909,C100,P015,2,2023-11-15 00:00:00,Store C
T1910,C094,P015,3,2023-11-15 04:00:00,Store B
T1911,C074,P039,3,2023-11-15 08:00:00,Store C
T1912,C018,P013,2,2023-11-15 12:00:00,Store A
T1913,C093,P017,1,2023-11-15 16:00:00,Store A
T1914,C079,P032,1,2023-11-15 20:00:00,Store C
T1915,C028,P009,1,2023-11-16 00:00:00,Store A
T1916,C024,P040,1,2023-11-16 04:00:00,Store B
T1917,C096,P020,1,2023-11-16 08:00:00,Store C
T1918,C084,P026,1,2023-11-16 12:00:00,Store B
T1919,C093,P027,1,2023-11-16 16:00:00,Store B
T1920,C095,P021,4,2023-11-16 20:00:00,Store A
T1921,C078,P018,2,2023-11-17 00:00:00,Store B
T1922,C074,P013,3,2023-11-17 04:00:00,Store C
T1923,C067,P016,2,2023-11-17 08:00:00,Store B
T1924,C056,P009,1,2023-11-17 12:00:00,Store B
T1925,C067,P012,2,2023-11-17 16:00:00,Store B
T1926,C090,P044,1,2023-11-17 20:00:00,Store B
T1927,C080,P038,2,2023-11-18 00:00:00,Store B
T1928,C096,P019,1,2023-11-18 04:00:00,Store A
T1929,C068,P007,5,2023-11-18 08:00:00,Store C
T1930,C080,P035,1,2023-11-18 12:00:00,Store A
T1931,C081,P048,1,2023-11-18 16:00:00,Store C
T1932,C079,P018,4,2023-11-18 20:00:00,Store C
T1933,C086,P016,1,2023-11-19 00:00:00,Store C
T1934,C047,P039,2,2023-11-19 04:00:00,Store C
T1935,C073,P004,2,2023-11-19 08:00:00,Store C
T1936,C026,P025,3,2023-11-19 12:00:00,Store B
T1937,C063,P032,5,2023-11-19 16:00:00,Store A
T1938,C071,P040,5,2023-11-19 20:00:00,Store A
T1939,C083,P013,1,2023-11-20 00:00:00,Store B
T1940,C098,P045,3,2023-11-20 04:00:00,Store C
T1941,C079,P017,2,2023-11-20 08:00:00,Store A
T1942,C088,P049,2,2023-11-20 12:00:00,Store B
T1943,C073,P037,1,2023-11-20 16:00:00,Store B
T1944,C082,P006,2,2023-11-20 20:00:00,Store A
T1945,C019,P019,5,2023-11-21 00:00:00,Store A
T1946,C049,P013,4,2023-11-21 04:00:00,Store C
T1947,C061,P026,1,2023-11-21 08:00:00,Store C
T1948,C070,P014,1,2023-11-21 12:00:00,Store A
T1949,C013,P031,1,2023-11-21 16:00:00,Store C
T1950,C033,P004,3,2023-11-21 20:00:00,Store B
T1951,C052,P039,2,2023-11-22 00:00:00,Store C
T1952,C099,P008,1,2023-11-22 04:00:00,Store C
T1953,C058,P025,1,2023-11-22 08:00:00,Store B
T1954,C071,P013,1,2023-11-22 12:00:00,Store C
T1955,C041,P032,1,2023-11-22 16:00:00,Store B
T1956,C080,P038,4,2023-11-22 20:00:00,Store C
T1957,C052,P038,2,2023-11-23 00:00:00,Store A
T1958,C043,P028,1,2023-11-23 04:00:00,Store C
T1959,C074,P030,2,2023-11-23 08:00:00,Store A
T1960,C002,P003,1,2023-11-23 12:00:00,Store A
T1961,C003,P028,5,2023-11-23 16:00:00,Store A
T1962,C045,P003,1,2023-11-23 20:00:00,Store A
T1963,C011,P045,1,2023-11-24 00:00:00,Store A
T1964,C027,P034,1,2023-11-24 04:00:00,Store B
T1965,C058,P016,2,2023-11-24 08:00:00,Store B
T1966,C091,P022,2,2023-11-24 12:00:00,Store B
T1967,C078,P032,2,2023-11-24 16:00:00,Store A
T1968,C073,P038,1,2023-11-24 20:00:00,Store C
T1969,C054,P008,1,2023-11-25 00:00:00,Store B
T1970,C097,P008,1,2023-11-25 04:00:00,Store C
T1971,C064,P006,2,2023-11-25 08:00:00,Store C
T1972,C023,P014,1,2023-11-25 12:00:00,Store A
T1973,C081,P032,2,2023-11-25 16:00:00,Store A
T1974,C028,P035,3,2023-11-25 20:00:00,Store A
T1975,C059,P010,3,2023-11-26 00:00:00,Store B
T1976,C073,P003,1,2023-11-26 04:00:00,Store A
T1977,C095,P012,1,2023-11-26 08:00:00,Store B
T1978,C072,P049,1,2023-11-26 12:00:00,Store B
T1979,C086,P031,2,2023-11-26 16:00:00,Store B
T1980,C100,P029,3,2023-11-26 20:00:00,Store B
T1981,C031,P005,1,2023-11-27 00:00:00,Store A
T1982,C051,P025,1,2023-11-27 04:00:00,Store B
T1983,C064,P041,3,2023-11-27 08:00:00,Store A
T1984,C066,P031,3,2023-11-27 12:00:00,Store A
T1985,C065,P021,1,2023-11-27 16:00:00,Store B
T1986,C096,P020,2,2023-11-27 20:00:00,Store A
T1987,C086,P039,1,2023-11-28 00:00:00,Store C
T1988,C080,P022,1,2023-11-28 04:00:00,Store A
T1989,C055,P004,4,2023-11-28 08:00:00,Store A
T1990,C092,P013,3,2023-11-28 12:00:00,Store B
T1991,C099,P045,3,2023-11-28 16:00:00,Store B
T1992,C092,P042,1,2023-11-28 20:00:00,Store A
T1993,C001,P050,3,2023-11-29 00:00:00,Store B
T1994,C082,P049,1,2023-11-29 04:00:00,Store C
T1995,C015,P020,1,2023-11-29 08:00:00,Store C
T1996,C049,P013,2,2023-11-29 12:00:00,Store B
T1997,C017,P017,1,2023-11-29 16:00:00,Store A
T1998,C080,P036,3,2023-11-29 20:00:00,Store C
T1999,C085,P033,2,2023-11-30 00:00:00,Store C
T2000,C028,P001,1,2023-11-30 04:00:00,Store A
